id,district_id,district_name,district_bn_name,name,bn_name,url,lat,lon,is_thana
"1","1","Cumilla","কুমিল্লা","Debidwar","দেবিদ্বার","debidwar.comilla.gov.bd","23.5797482","90.99808648","false"
"2","1","Cumilla","কুমিল্লা","Barura","বরুড়া","barura.comilla.gov.bd","23.35688513","91.04002614","false"
"3","1","Cumilla","কুমিল্লা","Brahmanpara","ব্রাহ্মণপাড়া","brahmanpara.comilla.gov.bd","23.64701097","91.09595838","false"
"4","1","Cumilla","কুমিল্লা","Chandina","চান্দিনা","chandina.comilla.gov.bd","23.44627926","90.94481512","false"
"5","1","Cumilla","কুমিল্লা","Chauddagram","চৌদ্দগ্রাম","chauddagram.comilla.gov.bd","23.22183679","91.27969434","false"
"6","1","Cumilla","কুমিল্লা","Daudkandi","দাউদকান্দি","daudkandi.comilla.gov.bd","23.50293787","90.77310239","false"
"7","1","Cumilla","কুমিল্লা","Homna","হোমনা","homna.comilla.gov.bd","23.68000235","90.81149876","false"
"8","1","Cumilla","কুমিল্লা","Laksam","লাকসাম","laksam.comilla.gov.bd","23.23144364","91.10487647","false"
"9","1","Cumilla","কুমিল্লা","Muradnagar","মুরাদনগর","muradnagar.comilla.gov.bd","23.67809628","90.94281174","false"
"10","1","Cumilla","কুমিল্লা","Nangalkot","নাঙ্গলকোট","nangalkot.comilla.gov.bd","23.14025225","91.20909928","false"
"11","1","Cumilla","কুমিল্লা","Comilla Sadar","কুমিল্লা সদর","comillasadar.comilla.gov.bd","23.47977528","91.15674514","false"
"12","1","Cumilla","কুমিল্লা","Meghna","মেঘনা","meghna.comilla.gov.bd","23.62583999","90.69021175","false"
"13","1","Cumilla","কুমিল্লা","Monohargonj","মনোহরগঞ্জ","monohargonj.comilla.gov.bd","23.13846962","91.0667073","false"
"14","1","Cumilla","কুমিল্লা","Sadarsouth","সদর দক্ষিণ","sadarsouth.comilla.gov.bd","23.38833515","91.20221146","false"
"15","1","Cumilla","কুমিল্লা","Titas","তিতাস","titas.comilla.gov.bd","23.59090553","90.79551033","false"
"16","1","Cumilla","কুমিল্লা","Burichang","বুড়িচং","burichang.comilla.gov.bd","23.53518256","91.11687246","false"
"17","1","Cumilla","কুমিল্লা","Lalmai","লালমাই","lalmai.comilla.gov.bd","23.29766555","91.15944077","false"
"18","2","Feni","ফেনী","Chhagalnaiya","ছাগলনাইয়া","chhagalnaiya.feni.gov.bd","23.02016933","91.50651106","false"
"19","2","Feni","ফেনী","Feni Sadar","ফেনী সদর","sadar.feni.gov.bd","22.99071311","91.41585715","false"
"20","2","Feni","ফেনী","Sonagazi","সোনাগাজী","sonagazi.feni.gov.bd","22.85375019","91.396878","false"
"21","2","Feni","ফেনী","Fulgazi","ফুলগাজী","fulgazi.feni.gov.bd","23.11846473","91.44164398","false"
"22","2","Feni","ফেনী","Parshuram","পরশুরাম","parshuram.feni.gov.bd","23.20244186","91.43849193","false"
"23","2","Feni","ফেনী","Daganbhuiyan","দাগনভূঞা","daganbhuiyan.feni.gov.bd","22.97202602","91.29997117","false"
"24","3","Brahmanbaria","ব্রাহ্মণবাড়িয়া","Brahmanbaria Sadar","ব্রাহ্মণবাড়িয়া সদর","sadar.brahmanbaria.gov.bd","23.94993121","91.11594537","false"
"25","3","Brahmanbaria","ব্রাহ্মণবাড়িয়া","Kasba","কসবা","kasba.brahmanbaria.gov.bd","23.76086796","91.13132405","false"
"26","3","Brahmanbaria","ব্রাহ্মণবাড়িয়া","Nasirnagar","নাসিরনগর","nasirnagar.brahmanbaria.gov.bd","24.18226005","91.1871252","false"
"27","3","Brahmanbaria","ব্রাহ্মণবাড়িয়া","Sarail","সরাইল","sarail.brahmanbaria.gov.bd","24.10250867","91.11323753","false"
"28","3","Brahmanbaria","ব্রাহ্মণবাড়িয়া","Ashuganj","আশুগঞ্জ","ashuganj.brahmanbaria.gov.bd","24.01814155","91.01833745","false"
"29","3","Brahmanbaria","ব্রাহ্মণবাড়িয়া","Akhaura","আখাউড়া","akhaura.brahmanbaria.gov.bd","23.8406693","91.1901894","false"
"30","3","Brahmanbaria","ব্রাহ্মণবাড়িয়া","Nabinagar","নবীনগর","nabinagar.brahmanbaria.gov.bd","23.86327014","90.979673","false"
"31","3","Brahmanbaria","ব্রাহ্মণবাড়িয়া","Bancharampur","বাঞ্ছারামপুর","bancharampur.brahmanbaria.gov.bd","23.78053412","90.80732254","false"
"32","3","Brahmanbaria","ব্রাহ্মণবাড়িয়া","Bijoynagar","বিজয়নগর","bijoynagar.brahmanbaria.gov.bd","23.99153007","91.22736838","false"
"33","4","Rangamati","রাঙ্গামাটি","Rangamati Sadar","রাঙ্গামাটি সদর","sadar.rangamati.gov.bd","22.64512234","92.20136392","false"
"34","4","Rangamati","রাঙ্গামাটি","Kaptai","কাপ্তাই","kaptai.rangamati.gov.bd","22.46236678","92.20166334","false"
"35","4","Rangamati","রাঙ্গামাটি","Kawkhali","কাউখালী","kawkhali.rangamati.gov.bd","22.62348916","92.0122707","false"
"36","4","Rangamati","রাঙ্গামাটি","Baghaichari","বাঘাইছড়ি","baghaichari.rangamati.gov.bd","23.38280723","92.23714299","false"
"37","4","Rangamati","রাঙ্গামাটি","Barkal","বরকল","barkal.rangamati.gov.bd","22.83095905","92.34613321","false"
"38","4","Rangamati","রাঙ্গামাটি","Langadu","লংগদু","langadu.rangamati.gov.bd","22.97008989","92.21665497","false"
"39","4","Rangamati","রাঙ্গামাটি","Rajasthali","রাজস্থলী","rajasthali.rangamati.gov.bd","22.371584","92.2445794","false"
"40","4","Rangamati","রাঙ্গামাটি","Belaichari","বিলাইছড়ি","belaichari.rangamati.gov.bd","22.2574125","92.48313972","false"
"41","4","Rangamati","রাঙ্গামাটি","Juraichari","জুরাছড়ি","juraichari.rangamati.gov.bd","22.55930901","92.45549633","false"
"42","4","Rangamati","রাঙ্গামাটি","Naniarchar","নানিয়ারচর","naniarchar.rangamati.gov.bd","22.83365535","92.07263493","false"
"43","5","Noakhali","নোয়াখালী","Noakhali Sadar","নোয়াখালী সদর","sadar.noakhali.gov.bd","22.80832731","91.04870857","false"
"44","5","Noakhali","নোয়াখালী","Companiganj","কোম্পানীগঞ্জ","companiganj.noakhali.gov.bd","22.75865966","91.30075882","false"
"45","5","Noakhali","নোয়াখালী","Begumganj","বেগমগঞ্জ","begumganj.noakhali.gov.bd","22.93091025","91.09425854","false"
"46","5","Noakhali","নোয়াখালী","Hatia","হাতিয়া","hatia.noakhali.gov.bd","22.3481622","91.09140468","false"
"47","5","Noakhali","নোয়াখালী","Subarnachar","সুবর্ণচর","subarnachar.noakhali.gov.bd","22.61923455","91.15640167","false"
"48","5","Noakhali","নোয়াখালী","Kabirhat","কবিরহাট","kabirhat.noakhali.gov.bd","22.81087606","91.19933235","false"
"49","5","Noakhali","নোয়াখালী","Senbug","সেনবাগ","senbug.noakhali.gov.bd","22.99063881","91.21267406","false"
"50","5","Noakhali","নোয়াখালী","Chatkhil","চাটখিল","chatkhil.noakhali.gov.bd","23.0533338","90.96372295","false"
"51","5","Noakhali","নোয়াখালী","Sonaimori","সোনাইমুড়ী","sonaimori.noakhali.gov.bd","23.0262944","91.07783166","false"
"52","6","Chandpur","চাঁদপুর","Haimchar","হাইমচর","haimchar.chandpur.gov.bd","23.076609","90.61716648","false"
"53","6","Chandpur","চাঁদপুর","Kachua","কচুয়া","kachua.chandpur.gov.bd","23.35926547","90.88289267","false"
"54","6","Chandpur","চাঁদপুর","Shahrasti","শাহরাস্তি","shahrasti.chandpur.gov.bd","23.20587855","90.95691718","false"
"55","6","Chandpur","চাঁদপুর","Chandpur Sadar","চাঁদপুর সদর","sadar.chandpur.gov.bd","23.23175162","90.6513703","false"
"56","6","Chandpur","চাঁদপুর","Matlab South","মতলব দক্ষিণ","matlabsouth.chandpur.gov.bd","23.34815058","90.74730936","false"
"57","6","Chandpur","চাঁদপুর","Hajiganj","হাজীগঞ্জ","hajiganj.chandpur.gov.bd","23.25779613","90.83747836","false"
"58","6","Chandpur","চাঁদপুর","Matlab North","মতলব উত্তর","matlabnorth.chandpur.gov.bd","23.4101348","90.64106338","false"
"59","6","Chandpur","চাঁদপুর","Faridgonj","ফরিদগঞ্জ","faridgonj.chandpur.gov.bd","23.1441551","90.76190402","false"
"60","7","Lakshmipur","লক্ষ্মীপুর","Lakshmipur Sadar","লক্ষ্মীপুর সদর","sadar.lakshmipur.gov.bd","22.91127372","90.84389751","false"
"61","7","Lakshmipur","লক্ষ্মীপুর","Kamalnagar","কমলনগর","kamalnagar.lakshmipur.gov.bd","22.75743615","90.8537509","false"
"62","7","Lakshmipur","লক্ষ্মীপুর","Raipur","রায়পুর","raipur.lakshmipur.gov.bd","23.00469424","90.73152598","false"
"63","7","Lakshmipur","লক্ষ্মীপুর","Ramgati","রামগতি","ramgati.lakshmipur.gov.bd","22.62490396","90.92223747","false"
"64","7","Lakshmipur","লক্ষ্মীপুর","Ramganj","রামগঞ্জ","ramganj.lakshmipur.gov.bd","23.09675351","90.87272553","false"
"65","8","Chattogram","চট্টগ্রাম","Rangunia","রাঙ্গুনিয়া","rangunia.chittagong.gov.bd","22.46617757","92.06834682","false"
"66","8","Chattogram","চট্টগ্রাম","Sitakunda","সীতাকুন্ড","sitakunda.chittagong.gov.bd","22.54303233","91.65690147","false"
"67","8","Chattogram","চট্টগ্রাম","Mirsharai","মীরসরাই","mirsharai.chittagong.gov.bd","22.80385025","91.54756079","false"
"68","8","Chattogram","চট্টগ্রাম","Patiya","পটিয়া","patiya.chittagong.gov.bd","22.29314167","91.98742056","false"
"69","8","Chattogram","চট্টগ্রাম","Sandwip","সন্দ্বীপ","sandwip.chittagong.gov.bd","22.5106171","91.45787931","false"
"70","8","Chattogram","চট্টগ্রাম","Banshkhali","বাঁশখালী","banshkhali.chittagong.gov.bd","22.01727076","91.9380992","false"
"71","8","Chattogram","চট্টগ্রাম","Boalkhali","বোয়ালখালী","boalkhali.chittagong.gov.bd","22.37729487","91.96622113","false"
"72","8","Chattogram","চট্টগ্রাম","Anwara","আনোয়ারা","anwara.chittagong.gov.bd","22.19757387","91.8786927","false"
"73","8","Chattogram","চট্টগ্রাম","Chandanaish","চন্দনাইশ","chandanaish.chittagong.gov.bd","22.21239926","92.06454009","false"
"74","8","Chattogram","চট্টগ্রাম","Satkania","সাতকানিয়া","satkania.chittagong.gov.bd","22.10592592","92.05950882","false"
"75","8","Chattogram","চট্টগ্রাম","Lohagara","লোহাগাড়া","lohagara.chittagong.gov.bd","21.98607426","92.11204876","false"
"76","8","Chattogram","চট্টগ্রাম","Hathazari","হাটহাজারী","hathazari.chittagong.gov.bd","22.526199","91.79785039","false"
"77","8","Chattogram","চট্টগ্রাম","Fatikchhari","ফটিকছড়ি","fatikchhari.chittagong.gov.bd","22.75545823","91.74886747","false"
"78","8","Chattogram","চট্টগ্রাম","Raozan","রাউজান","raozan.chittagong.gov.bd","22.51965128","91.91727933","false"
"79","8","Chattogram","চট্টগ্রাম","Karnafuli","কর্ণফুলী","karnafuli.chittagong.gov.bd","22.28719585","91.8460119","false"
"80","9","Coxsbazar","কক্সবাজার","Coxsbazar Sadar","কক্সবাজার সদর","sadar.coxsbazar.gov.bd","21.46611549","92.01564253","false"
"81","9","Coxsbazar","কক্সবাজার","Chakaria","চকরিয়া","chakaria.coxsbazar.gov.bd","21.74110917","92.0517345","false"
"82","9","Coxsbazar","কক্সবাজার","Kutubdia","কুতুবদিয়া","kutubdia.coxsbazar.gov.bd","21.83800675","91.86254458","false"
"83","9","Coxsbazar","কক্সবাজার","Ukhiya","উখিয়া","ukhiya.coxsbazar.gov.bd","21.22806282","92.11533645","false"
"84","9","Coxsbazar","কক্সবাজার","Moheshkhali","মহেশখালী","moheshkhali.coxsbazar.gov.bd","21.60718915","91.91955884","false"
"85","9","Coxsbazar","কক্সবাজার","Pekua","পেকুয়া","pekua.coxsbazar.gov.bd","21.81593944","91.94474478","false"
"86","9","Coxsbazar","কক্সবাজার","Ramu","রামু","ramu.coxsbazar.gov.bd","21.43878767","92.12036409","false"
"87","9","Coxsbazar","কক্সবাজার","Teknaf","টেকনাফ","teknaf.coxsbazar.gov.bd","20.96925113","92.23706771","false"
"88","10","Khagrachhari","খাগড়াছড়ি","Khagrachhari Sadar","খাগড়াছড়ি সদর","sadar.khagrachhari.gov.bd","23.15840266","91.9983411","false"
"89","10","Khagrachhari","খাগড়াছড়ি","Dighinala","দিঘীনালা","dighinala.khagrachhari.gov.bd","23.41579635","92.05900408","false"
"90","10","Khagrachhari","খাগড়াছড়ি","Panchari","পানছড়ি","panchari.khagrachhari.gov.bd","23.34218676","91.92458743","false"
"91","10","Khagrachhari","খাগড়াছড়ি","Laxmichhari","লক্ষীছড়ি","laxmichhari.khagrachhari.gov.bd","22.78361647","91.93107935","false"
"92","10","Khagrachhari","খাগড়াছড়ি","Mohalchari","মহালছড়ি","mohalchari.khagrachhari.gov.bd","22.9835062","92.04945547","false"
"93","10","Khagrachhari","খাগড়াছড়ি","Manikchari","মানিকছড়ি","manikchari.khagrachhari.gov.bd","22.85186911","91.8267801","false"
"94","10","Khagrachhari","খাগড়াছড়ি","Ramgarh","রামগড়","ramgarh.khagrachhari.gov.bd","22.95403742","91.77612993","false"
"95","10","Khagrachhari","খাগড়াছড়ি","Matiranga","মাটিরাঙ্গা","matiranga.khagrachhari.gov.bd","23.16268454","91.85491132","false"
"96","10","Khagrachhari","খাগড়াছড়ি","Guimara","গুইমারা","guimara.khagrachhari.gov.bd","22.95816063","91.92264133","false"
"97","11","Bandarban","বান্দরবান","Bandarban Sadar","বান্দরবান সদর","sadar.bandarban.gov.bd","22.06545533","92.23266601","false"
"98","11","Bandarban","বান্দরবান","Alikadam","আলীকদম","alikadam.bandarban.gov.bd","21.59618578","92.40337107","false"
"99","11","Bandarban","বান্দরবান","Naikhongchhari","নাইক্ষ্যংছড়ি","naikhongchhari.bandarban.gov.bd","21.47139618","92.24297656","false"
"100","11","Bandarban","বান্দরবান","Rowangchhari","রোয়াংছড়ি","rowangchhari.bandarban.gov.bd","22.1994028","92.35191016","false"
"101","11","Bandarban","বান্দরবান","Lama","লামা","lama.bandarban.gov.bd","21.81028832","92.21156194","false"
"102","11","Bandarban","বান্দরবান","Ruma","রুমা","ruma.bandarban.gov.bd","22.00777832","92.44855183","false"
"103","11","Bandarban","বান্দরবান","Thanchi","থানচি","thanchi.bandarban.gov.bd","21.64261732","92.53326194","false"
"104","12","Sirajganj","সিরাজগঞ্জ","Belkuchi","বেলকুচি","belkuchi.sirajganj.gov.bd","24.29793","89.70147902","false"
"105","12","Sirajganj","সিরাজগঞ্জ","Chauhali","চৌহালি","chauhali.sirajganj.gov.bd","24.13944642","89.75743944","false"
"106","12","Sirajganj","সিরাজগঞ্জ","Kamarkhand","কামারখন্দ","kamarkhand.sirajganj.gov.bd","24.37750815","89.64226021","false"
"107","12","Sirajganj","সিরাজগঞ্জ","Kazipur","কাজীপুর","kazipur.sirajganj.gov.bd","24.67158952","89.68890716","false"
"108","12","Sirajganj","সিরাজগঞ্জ","Raigonj","রায়গঞ্জ","raigonj.sirajganj.gov.bd","24.49221055","89.51526376","false"
"109","12","Sirajganj","সিরাজগঞ্জ","Shahjadpur","শাহজাদপুর","shahjadpur.sirajganj.gov.bd","24.16297216","89.63072075","false"
"110","12","Sirajganj","সিরাজগঞ্জ","Sirajganj Sadar","সিরাজগঞ্জ সদর","sirajganjsadar.sirajganj.gov.bd","24.4942697","89.68960995","false"
"111","12","Sirajganj","সিরাজগঞ্জ","Tarash","তাড়াশ","tarash.sirajganj.gov.bd","24.44537456","89.35780269","false"
"112","12","Sirajganj","সিরাজগঞ্জ","Ullapara","উল্লাপাড়া","ullapara.sirajganj.gov.bd","24.32784904","89.51823326","false"
"113","13","Pabna","পাবনা","Sujanagar","সুজানগর","sujanagar.pabna.gov.bd","23.89782952","89.51401384","false"
"114","13","Pabna","পাবনা","Ishurdi","ঈশ্বরদী","ishurdi.pabna.gov.bd","24.08017137","89.09433764","false"
"115","13","Pabna","পাবনা","Bhangura","ভাঙ্গুড়া","bhangura.pabna.gov.bd","24.23892741","89.39638738","false"
"116","13","Pabna","পাবনা","Pabna Sadar","পাবনা সদর","pabnasadar.pabna.gov.bd","23.99489442","89.28112247","false"
"117","13","Pabna","পাবনা","Bera","বেড়া","bera.pabna.gov.bd","23.94251893","89.65718472","false"
"118","13","Pabna","পাবনা","Atghoria","আটঘরিয়া","atghoria.pabna.gov.bd","24.10741607","89.28274572","false"
"119","13","Pabna","পাবনা","Chatmohar","চাটমোহর","chatmohar.pabna.gov.bd","24.22410244","89.30321873","false"
"120","13","Pabna","পাবনা","Santhia","সাঁথিয়া","santhia.pabna.gov.bd","24.04342759","89.51589956","false"
"121","13","Pabna","পাবনা","Faridpur","ফরিদপুর","faridpur.pabna.gov.bd","24.15813002","89.44947783","false"
"122","14","Bogura","বগুড়া","Kahaloo","কাহালু","kahaloo.bogra.gov.bd","24.83250864","89.25142354","false"
"123","14","Bogura","বগুড়া","Bogra Sadar","বগুড়া সদর","sadar.bogra.gov.bd","24.89539917","89.35605547","false"
"124","14","Bogura","বগুড়া","Shariakandi","সারিয়াকান্দি","shariakandi.bogra.gov.bd","24.8789082","89.61656334","false"
"125","14","Bogura","বগুড়া","Shajahanpur","শাজাহানপুর","shajahanpur.bogra.gov.bd","24.76021686","89.3755597","false"
"126","14","Bogura","বগুড়া","Dupchanchia","দুপচাচিঁয়া","dupchanchia.bogra.gov.bd","24.88236608","89.13984044","false"
"127","14","Bogura","বগুড়া","Adamdighi","আদমদিঘি","adamdighi.bogra.gov.bd","24.80008982","89.05968137","false"
"128","14","Bogura","বগুড়া","Nondigram","নন্দিগ্রাম","nondigram.bogra.gov.bd","24.68118488","89.22715695","false"
"129","14","Bogura","বগুড়া","Sonatala","সোনাতলা","sonatala.bogra.gov.bd","24.99736498","89.51417967","false"
"130","14","Bogura","বগুড়া","Dhunot","ধুনট","dhunot.bogra.gov.bd","24.68260297","89.55015673","false"
"131","14","Bogura","বগুড়া","Gabtali","গাবতলী","gabtali.bogra.gov.bd","24.8872405","89.46482964","false"
"132","14","Bogura","বগুড়া","Sherpur","শেরপুর","sherpur.bogra.gov.bd","24.62867573","89.42257132","false"
"133","14","Bogura","বগুড়া","Shibganj","শিবগঞ্জ","shibganj.bogra.gov.bd","25.01683461","89.30649345","false"
"134","15","Rajshahi","রাজশাহী","Paba","পবা","paba.rajshahi.gov.bd","24.33813369","88.59074395","false"
"135","15","Rajshahi","রাজশাহী","Durgapur","দুর্গাপুর","durgapur.rajshahi.gov.bd","24.46827737","88.76089517","false"
"136","15","Rajshahi","রাজশাহী","Mohonpur","মোহনপুর","mohonpur.rajshahi.gov.bd","24.55475052","88.64078614","false"
"137","15","Rajshahi","রাজশাহী","Charghat","চারঘাট","charghat.rajshahi.gov.bd","24.30119249","88.77510723","false"
"138","15","Rajshahi","রাজশাহী","Puthia","পুঠিয়া","puthia.rajshahi.gov.bd","24.41148732","88.82735743","false"
"139","15","Rajshahi","রাজশাহী","Bagha","বাঘা","bagha.rajshahi.gov.bd","24.20594533","88.833999","false"
"140","15","Rajshahi","রাজশাহী","Godagari","গোদাগাড়ী","godagari.rajshahi.gov.bd","24.48314948","88.41492417","false"
"141","15","Rajshahi","রাজশাহী","Tanore","তানোর","tanore.rajshahi.gov.bd","24.61985872","88.53090746","false"
"142","15","Rajshahi","রাজশাহী","Bagmara","বাগমারা","bagmara.rajshahi.gov.bd","24.59364101","88.80923132","false"
"143","16","Natore","নাটোর","Natore Sadar","নাটোর সদর","natoresadar.natore.gov.bd","24.39709793","88.98996421","false"
"144","16","Natore","নাটোর","Singra","সিংড়া","singra.natore.gov.bd","24.52440832","89.18430739","false"
"145","16","Natore","নাটোর","Baraigram","বড়াইগ্রাম","baraigram.natore.gov.bd","24.27323686","89.14997336","false"
"146","16","Natore","নাটোর","Bagatipara","বাগাতিপাড়া","bagatipara.natore.gov.bd","24.31324989","88.94790182","false"
"147","16","Natore","নাটোর","Lalpur","লালপুর","lalpur.natore.gov.bd","24.1997875","88.98571935","false"
"148","16","Natore","নাটোর","Gurudaspur","গুরুদাসপুর","gurudaspur.natore.gov.bd","24.37372702","89.20538766","false"
"149","16","Natore","নাটোর","Naldanga","নলডাঙ্গা","naldanga.natore.gov.bd","24.50600164","88.97560756","false"
"150","17","Joypurhat","জয়পুরহাট","Akkelpur","আক্কেলপুর","akkelpur.joypurhat.gov.bd","24.93348532","89.04202677","false"
"151","17","Joypurhat","জয়পুরহাট","Kalai","কালাই","kalai.joypurhat.gov.bd","25.07808103","89.19883986","false"
"152","17","Joypurhat","জয়পুরহাট","Khetlal","ক্ষেতলাল","khetlal.joypurhat.gov.bd","25.02338997","89.11766883","false"
"153","17","Joypurhat","জয়পুরহাট","Panchbibi","পাঁচবিবি","panchbibi.joypurhat.gov.bd","25.20498364","89.07186488","false"
"154","17","Joypurhat","জয়পুরহাট","Joypurhat Sadar","জয়পুরহাট সদর","joypurhatsadar.joypurhat.gov.bd","25.10765486","89.02145393","false"
"155","18","Chapainawabganj","চাঁপাইনবাবগঞ্জ","Chapainawabganj Sadar","চাঁপাইনবাবগঞ্জ সদর","chapainawabganjsadar.chapainawabganj.gov.bd","24.56534241","88.25806499","false"
"156","18","Chapainawabganj","চাঁপাইনবাবগঞ্জ","Gomostapur","গোমস্তাপুর","gomostapur.chapainawabganj.gov.bd","24.85857325","88.35544732","false"
"157","18","Chapainawabganj","চাঁপাইনবাবগঞ্জ","Nachol","নাচোল","nachol.chapainawabganj.gov.bd","24.72706303","88.3963179","false"
"158","18","Chapainawabganj","চাঁপাইনবাবগঞ্জ","Bholahat","ভোলাহাট","bholahat.chapainawabganj.gov.bd","24.89721664","88.20949302","false"
"159","18","Chapainawabganj","চাঁপাইনবাবগঞ্জ","Shibganj","শিবগঞ্জ","shibganj.chapainawabganj.gov.bd","24.70501636","88.1548792","false"
"160","19","Naogaon","নওগাঁ","Mohadevpur","মহাদেবপুর","mohadevpur.naogaon.gov.bd","24.9218421","88.76365987","false"
"161","19","Naogaon","নওগাঁ","Badalgachi","বদলগাছী","badalgachi.naogaon.gov.bd","24.96745176","88.94253758","false"
"162","19","Naogaon","নওগাঁ","Patnitala","পত্নিতলা","patnitala.naogaon.gov.bd","25.07753255","88.71459304","false"
"163","19","Naogaon","নওগাঁ","Dhamoirhat","ধামইরহাট","dhamoirhat.naogaon.gov.bd","25.13051337","88.82415793","false"
"164","19","Naogaon","নওগাঁ","Niamatpur","নিয়ামতপুর","niamatpur.naogaon.gov.bd","24.83045479","88.55021021","false"
"165","19","Naogaon","নওগাঁ","Manda","মান্দা","manda.naogaon.gov.bd","24.74630479","88.71198704","false"
"166","19","Naogaon","নওগাঁ","Atrai","আত্রাই","atrai.naogaon.gov.bd","24.62478302","88.98907491",""
"167","19","Naogaon","নওগাঁ","Raninagar","রাণীনগর","raninagar.naogaon.gov.bd","24.71172597","89.02014859","false"
"168","19","Naogaon","নওগাঁ","Naogaon Sadar","নওগাঁ সদর","naogaonsadar.naogaon.gov.bd","24.81201412","88.89803358","false"
"169","19","Naogaon","নওগাঁ","Porsha","পোরশা","porsha.naogaon.gov.bd","24.99497575","88.51736573","false"
"170","19","Naogaon","নওগাঁ","Sapahar","সাপাহার","sapahar.naogaon.gov.bd","25.11935869","88.53071648","false"
"171","20","Jashore","যশোর","Manirampur","মণিরামপুর","manirampur.jessore.gov.bd","23.00645606","89.21986148","false"
"172","20","Jashore","যশোর","Abhaynagar","অভয়নগর","abhaynagar.jessore.gov.bd","23.01770386","89.41968215","false"
"173","20","Jashore","যশোর","Bagherpara","বাঘারপাড়া","bagherpara.jessore.gov.bd","23.24253049","89.3353901","false"
"174","20","Jashore","যশোর","Chougachha","চৌগাছা","chougachha.jessore.gov.bd","23.26325264","89.02328652","false"
"175","20","Jashore","যশোর","Jhikargacha","ঝিকরগাছা","jhikargacha.jessore.gov.bd","23.06873072","89.05428478","false"
"176","20","Jashore","যশোর","Keshabpur","কেশবপুর","keshabpur.jessore.gov.bd","22.88037398","89.23152615","false"
"177","20","Jashore","যশোর","Jessore Sadar","যশোর সদর","sadar.jessore.gov.bd","23.18247843","89.21885642","false"
"178","20","Jashore","যশোর","Sharsha","শার্শা","sharsha.jessore.gov.bd","23.04479212","88.94109704","false"
"179","21","Satkhira","সাতক্ষীরা","Assasuni","আশাশুনি","assasuni.satkhira.gov.bd","22.51924727","89.18743219","false"
"180","21","Satkhira","সাতক্ষীরা","Debhata","দেবহাটা","debhata.satkhira.gov.bd","22.5965225","89.01346306","false"
"181","21","Satkhira","সাতক্ষীরা","Kalaroa","কলারোয়া","kalaroa.satkhira.gov.bd","22.88034049","89.03019097","false"
"182","21","Satkhira","সাতক্ষীরা","Satkhira Sadar","সাতক্ষীরা সদর","satkhirasadar.satkhira.gov.bd","22.72028952","89.03826939","false"
"183","21","Satkhira","সাতক্ষীরা","Shyamnagar","শ্যামনগর","shyamnagar.satkhira.gov.bd","22.01217711","89.18060186","false"
"184","21","Satkhira","সাতক্ষীরা","Tala","তালা","tala.satkhira.gov.bd","22.73989638","89.21059096","false"
"185","21","Satkhira","সাতক্ষীরা","Kaliganj","কালিগঞ্জ","kaliganj.satkhira.gov.bd","22.44743606","89.06238055","false"
"186","22","Meherpur","মেহেরপুর","Mujibnagar","মুজিবনগর","mujibnagar.meherpur.gov.bd","23.66804173","88.62066855","false"
"187","22","Meherpur","মেহেরপুর","Meherpur Sadar","মেহেরপুর সদর","meherpursadar.meherpur.gov.bd","23.7652793","88.6614059","false"
"188","22","Meherpur","মেহেরপুর","Gangni","গাংনী","gangni.meherpur.gov.bd","23.85742395","88.77069557","false"
"189","23","Narail","নড়াইল","Narail Sadar","নড়াইল সদর","narailsadar.narail.gov.bd","23.15493941","89.49509628","false"
"190","23","Narail","নড়াইল","Lohagara","লোহাগড়া","lohagara.narail.gov.bd","23.20424901","89.6241797","false"
"191","23","Narail","নড়াইল","Kalia","কালিয়া","kalia.narail.gov.bd","23.02924849","89.64163082","false"
"192","24","Chuadanga","চুয়াডাঙ্গা","Chuadanga Sadar","চুয়াডাঙ্গা সদর","chuadangasadar.chuadanga.gov.bd","23.58945721","88.88544829","false"
"193","24","Chuadanga","চুয়াডাঙ্গা","Alamdanga","আলমডাঙ্গা","alamdanga.chuadanga.gov.bd","23.72952308","88.90824581","false"
"194","24","Chuadanga","চুয়াডাঙ্গা","Damurhuda","দামুড়হুদা","damurhuda.chuadanga.gov.bd","23.59201621","88.73978174","false"
"195","24","Chuadanga","চুয়াডাঙ্গা","Jibannagar","জীবননগর","jibannagar.chuadanga.gov.bd","23.44297578","88.85026481","false"
"196","25","Kushtia","কুষ্টিয়া","Kushtia Sadar","কুষ্টিয়া সদর","kushtiasadar.kushtia.gov.bd","23.82447726","89.08978509","false"
"197","25","Kushtia","কুষ্টিয়া","Kumarkhali","কুমারখালী","kumarkhali.kushtia.gov.bd","23.85817582","89.21033767","false"
"198","25","Kushtia","কুষ্টিয়া","Khoksa","খোকসা","khoksa.kushtia.gov.bd","23.8108428","89.30040417","false"
"199","25","Kushtia","কুষ্টিয়া","Mirpur","মিরপুর","mirpurkushtia.kushtia.gov.bd","23.89715846","88.98617202","false"
"200","25","Kushtia","কুষ্টিয়া","Daulatpur","দৌলতপুর","daulatpur.kushtia.gov.bd","24.03425965","88.83553965","false"
"201","25","Kushtia","কুষ্টিয়া","Bheramara","ভেড়ামারা","bheramara.kushtia.gov.bd","24.0562809","88.98115536","false"
"202","26","Magura","মাগুরা","Shalikha","শালিখা","shalikha.magura.gov.bd","23.34769219","89.35926814","false"
"203","26","Magura","মাগুরা","Sreepur","শ্রীপুর","sreepur.magura.gov.bd","23.59766202","89.42412163","false"
"204","26","Magura","মাগুরা","Magura Sadar","মাগুরা সদর","magurasadar.magura.gov.bd","23.45188316","89.41242724","false"
"205","26","Magura","মাগুরা","Mohammadpur","মহম্মদপুর","mohammadpur.magura.gov.bd","23.40009353","89.55069065","false"
"206","27","Khulna","খুলনা","Paikgasa","পাইকগাছা","paikgasa.khulna.gov.bd","22.59006747","89.34020164","false"
"207","27","Khulna","খুলনা","Fultola","ফুলতলা","fultola.khulna.gov.bd","22.94830901","89.45416809","false"
"208","27","Khulna","খুলনা","Digholia","দিঘলিয়া","digholia.khulna.gov.bd","22.92151447","89.55377852","false"
"209","27","Khulna","খুলনা","Rupsha","রূপসা","rupsha.khulna.gov.bd","22.81922745","89.63623389","false"
"210","27","Khulna","খুলনা","Terokhada","তেরখাদা","terokhada.khulna.gov.bd","22.91397441","89.65512323","false"
"211","27","Khulna","খুলনা","Dumuria","ডুমুরিয়া","dumuria.khulna.gov.bd","22.80576338","89.39802703","false"
"212","27","Khulna","খুলনা","Botiaghata","বটিয়াঘাটা","botiaghata.khulna.gov.bd","22.71333993","89.51491534","false"
"213","27","Khulna","খুলনা","Dakop","দাকোপ","dakop.khulna.gov.bd","22.24203107","89.52637642","false"
"214","27","Khulna","খুলনা","Koyra","কয়রা","koyra.khulna.gov.bd","22.07788302","89.3950567","false"
"215","28","Bagerhat","বাগেরহাট","Fakirhat","ফকিরহাট","fakirhat.bagerhat.gov.bd","22.74261933","89.66610277","false"
"216","28","Bagerhat","বাগেরহাট","Bagerhat Sadar","বাগেরহাট সদর","sadar.bagerhat.gov.bd","22.6761286","89.76267481","false"
"217","28","Bagerhat","বাগেরহাট","Mollahat","মোল্লাহাট","mollahat.bagerhat.gov.bd","22.8841779","89.77298864","false"
"218","28","Bagerhat","বাগেরহাট","Sarankhola","শরণখোলা","sarankhola.bagerhat.gov.bd","22.06308526","89.82172027","false"
"219","28","Bagerhat","বাগেরহাট","Rampal","রামপাল","rampal.bagerhat.gov.bd","22.59031343","89.65135819","false"
"220","28","Bagerhat","বাগেরহাট","Morrelganj","মোড়েলগঞ্জ","morrelganj.bagerhat.gov.bd","22.48332119","89.83422475","false"
"221","28","Bagerhat","বাগেরহাট","Kachua","কচুয়া","kachua.bagerhat.gov.bd","22.65213817","89.87394519","false"
"222","28","Bagerhat","বাগেরহাট","Mongla","মোংলা","mongla.bagerhat.gov.bd","22.11653738","89.65966488","false"
"223","28","Bagerhat","বাগেরহাট","Chitalmari","চিতলমারী","chitalmari.bagerhat.gov.bd","22.81113978","89.86525389","false"
"224","29","Jhenaidah","ঝিনাইদহ","Jhenaidah Sadar","ঝিনাইদহ সদর","sadar.jhenaidah.gov.bd","23.51638682","89.15753517","false"
"225","29","Jhenaidah","ঝিনাইদহ","Shailkupa","শৈলকুপা","shailkupa.jhenaidah.gov.bd","23.66362143","89.24261925","false"
"226","29","Jhenaidah","ঝিনাইদহ","Harinakundu","হরিণাকুন্ডু","harinakundu.jhenaidah.gov.bd","23.64350865","89.07686969","false"
"227","29","Jhenaidah","ঝিনাইদহ","Kaliganj","কালীগঞ্জ","kaliganj.jhenaidah.gov.bd","23.36959471","89.15233514","false"
"228","29","Jhenaidah","ঝিনাইদহ","Kotchandpur","কোটচাঁদপুর","kotchandpur.jhenaidah.gov.bd","23.44497008","89.00141696","false"
"229","29","Jhenaidah","ঝিনাইদহ","Moheshpur","মহেশপুর","moheshpur.jhenaidah.gov.bd","23.32017163","88.85970006","false"
"230","30","Jhalakathi","ঝালকাঠি","Jhalakathi Sadar","ঝালকাঠি সদর","sadar.jhalakathi.gov.bd","22.67977942","90.19275327","false"
"231","30","Jhalakathi","ঝালকাঠি","Kathalia","কাঠালিয়া","kathalia.jhalakathi.gov.bd","22.41941257","90.10206117","false"
"232","30","Jhalakathi","ঝালকাঠি","Nalchity","নলছিটি","nalchity.jhalakathi.gov.bd","22.6010276","90.27149045","false"
"233","30","Jhalakathi","ঝালকাঠি","Rajapur","রাজাপুর","rajapur.jhalakathi.gov.bd","22.54965797","90.13094414","false"
"234","31","Patuakhali","পটুয়াখালী","Bauphal","বাউফল","bauphal.patuakhali.gov.bd","22.43734658","90.54648458","false"
"235","31","Patuakhali","পটুয়াখালী","Patuakhali Sadar","পটুয়াখালী সদর","sadar.patuakhali.gov.bd","22.33453254","90.32931509","false"
"236","31","Patuakhali","পটুয়াখালী","Dumki","দুমকি","dumki.patuakhali.gov.bd","22.44825458","90.37305019","false"
"237","31","Patuakhali","পটুয়াখালী","Dashmina","দশমিনা","dashmina.patuakhali.gov.bd","22.25076067","90.55428617","false"
"238","31","Patuakhali","পটুয়াখালী","Kalapara","কলাপাড়া","kalapara.patuakhali.gov.bd","21.93370908","90.22168667","false"
"239","31","Patuakhali","পটুয়াখালী","Mirzaganj","মির্জাগঞ্জ","mirzaganj.patuakhali.gov.bd","22.35550943","90.21740561","false"
"240","31","Patuakhali","পটুয়াখালী","Galachipa","গলাচিপা","galachipa.patuakhali.gov.bd","22.14780512","90.46051826","false"
"241","31","Patuakhali","পটুয়াখালী","Rangabali","রাঙ্গাবালী","rangabali.patuakhali.gov.bd","21.93161968","90.43046083","false"
"242","32","Pirojpur","পিরোজপুর","Pirojpur Sadar","পিরোজপুর সদর","sadar.pirojpur.gov.bd","22.60920201","89.97934666","false"
"243","32","Pirojpur","পিরোজপুর","Nazirpur","নাজিরপুর","nazirpur.pirojpur.gov.bd","22.76993652","89.97482465","false"
"244","32","Pirojpur","পিরোজপুর","Kawkhali","কাউখালী","kawkhali.pirojpur.gov.bd","22.60625111","90.05726044","false"
"245","32","Pirojpur","পিরোজপুর","Zianagar","জিয়ানগর","zianagar.pirojpur.gov.bd","22.46620998","89.96524888","false"
"246","32","Pirojpur","পিরোজপুর","Bhandaria","ভান্ডারিয়া","bhandaria.pirojpur.gov.bd","22.45182375","90.01974753","false"
"247","32","Pirojpur","পিরোজপুর","Mathbaria","মঠবাড়ীয়া","mathbaria.pirojpur.gov.bd","22.2829089","89.94927971","false"
"248","32","Pirojpur","পিরোজপুর","Nesarabad","নেছারাবাদ","nesarabad.pirojpur.gov.bd","22.72142509","90.08564362","false"
"249","33","Barisal","বরিশাল","Barisal Sadar","বরিশাল সদর","barisalsadar.barisal.gov.bd","22.71481106","90.40960035","false"
"250","33","Barisal","বরিশাল","Bakerganj","বাকেরগঞ্জ","bakerganj.barisal.gov.bd","22.55478164","90.39007461","false"
"251","33","Barisal","বরিশাল","Babuganj","বাবুগঞ্জ","babuganj.barisal.gov.bd","22.82461621","90.31272617","false"
"252","33","Barisal","বরিশাল","Wazirpur","উজিরপুর","wazirpur.barisal.gov.bd","22.86574877","90.16497331","false"
"253","33","Barisal","বরিশাল","Banaripara","বানারীপাড়া","banaripara.barisal.gov.bd","22.81118715","90.12916707","false"
"254","33","Barisal","বরিশাল","Gournadi","গৌরনদী","gournadi.barisal.gov.bd","22.96981456","90.24285253","false"
"255","33","Barisal","বরিশাল","Agailjhara","আগৈলঝাড়া","agailjhara.barisal.gov.bd","22.9676431","90.14047232","false"
"256","33","Barisal","বরিশাল","Mehendiganj","মেহেন্দিগঞ্জ","mehendiganj.barisal.gov.bd","22.81597145","90.51901486","false"
"257","33","Barisal","বরিশাল","Muladi","মুলাদী","muladi.barisal.gov.bd","22.95514912","90.37599974","false"
"258","33","Barisal","বরিশাল","Hizla","হিজলা","hizla.barisal.gov.bd","22.9628024","90.55182414","false"
"259","34","Bhola","ভোলা","Bhola Sadar","ভোলা সদর","sadar.bhola.gov.bd","22.70723511","90.6305403","false"
"260","34","Bhola","ভোলা","Borhan Sddin","বোরহান উদ্দিন","borhanuddin.bhola.gov.bd","22.48540881","90.71537999","false"
"261","34","Bhola","ভোলা","Charfesson","চরফ্যাশন","charfesson.bhola.gov.bd","22.04486186","90.72459883","false"
"262","34","Bhola","ভোলা","Doulatkhan","দৌলতখান","doulatkhan.bhola.gov.bd","22.6420874","90.74547893","false"
"263","34","Bhola","ভোলা","Monpura","মনপুরা","monpura.bhola.gov.bd","22.22216484","90.94308102","false"
"264","34","Bhola","ভোলা","Tazumuddin","তজুমদ্দিন","tazumuddin.bhola.gov.bd","22.45254839","90.85981809","false"
"265","34","Bhola","ভোলা","Lalmohan","লালমোহন","lalmohan.bhola.gov.bd","22.30234352","90.77136962","false"
"266","35","Barguna","বরগুনা","Amtali","আমতলী","amtali.barguna.gov.bd","22.14650328","90.27003676","false"
"267","35","Barguna","বরগুনা","Barguna Sadar","বরগুনা সদর","sadar.barguna.gov.bd","22.12684969","90.10169624","false"
"268","35","Barguna","বরগুনা","Betagi","বেতাগী","betagi.barguna.gov.bd","22.34818523","90.14935951","false"
"269","35","Barguna","বরগুনা","Bamna","বামনা","bamna.barguna.gov.bd","22.27232966","90.05729578","false"
"270","35","Barguna","বরগুনা","Pathorghata","পাথরঘাটা","pathorghata.barguna.gov.bd","22.08967959","89.95942885","false"
"271","35","Barguna","বরগুনা","Taltali","তালতলি","taltali.barguna.gov.bd","21.96759531","90.10058791","false"
"272","36","Sylhet","সিলেট","Balaganj","বালাগঞ্জ","balaganj.sylhet.gov.bd","24.68865059","91.82992075","false"
"273","36","Sylhet","সিলেট","Beanibazar","বিয়ানীবাজার","beanibazar.sylhet.gov.bd","24.84934837","92.15957094","false"
"274","36","Sylhet","সিলেট","Bishwanath","বিশ্বনাথ","bishwanath.sylhet.gov.bd","24.83470762","91.72814054","false"
"275","36","Sylhet","সিলেট","Companiganj","কোম্পানীগঞ্জ","companiganj.sylhet.gov.bd","25.0799183","91.77309913","false"
"276","36","Sylhet","সিলেট","Fenchuganj","ফেঞ্চুগঞ্জ","fenchuganj.sylhet.gov.bd","24.69358233","91.96304017","false"
"277","36","Sylhet","সিলেট","Golapganj","গোলাপগঞ্জ","golapganj.sylhet.gov.bd","24.81047474","92.01838458","false"
"278","36","Sylhet","সিলেট","Gowainghat","গোয়াইনঘাট","gowainghat.sylhet.gov.bd","25.08145524","91.95895822","false"
"279","36","Sylhet","সিলেট","Jaintiapur","জৈন্তাপুর","jaintiapur.sylhet.gov.bd","25.05799543","92.1045136","false"
"280","36","Sylhet","সিলেট","Kanaighat","কানাইঘাট","kanaighat.sylhet.gov.bd","24.9932219","92.21911505","false"
"281","36","Sylhet","সিলেট","Sylhet Sadar","সিলেট সদর","sylhetsadar.sylhet.gov.bd","24.94433953","91.84586196","false"
"282","36","Sylhet","সিলেট","Zakiganj","জকিগঞ্জ","zakiganj.sylhet.gov.bd","24.92531685","92.36786009","false"
"283","36","Sylhet","সিলেট","Dakshinsurma","দক্ষিণ সুরমা","dakshinsurma.sylhet.gov.bd","24.81711992","91.87712889","false"
"284","36","Sylhet","সিলেট","Osmaninagar","ওসমানী নগর","osmaninagar.sylhet.gov.bd","24.70336209","91.73194607","false"
"285","37","Moulvibazar","মৌলভীবাজার","Barlekha","বড়লেখা","barlekha.moulvibazar.gov.bd","24.70854578","92.17635211","false"
"286","37","Moulvibazar","মৌলভীবাজার","Kamolganj","কমলগঞ্জ","kamolganj.moulvibazar.gov.bd","24.31685165","91.86015204","false"
"287","37","Moulvibazar","মৌলভীবাজার","Kulaura","কুলাউড়া","kulaura.moulvibazar.gov.bd","24.48996524","92.01511303","false"
"288","37","Moulvibazar","মৌলভীবাজার","Moulvibazar Sadar","মৌলভীবাজার সদর","moulvibazarsadar.moulvibazar.gov.bd","24.4993968","91.71316807","false"
"289","37","Moulvibazar","মৌলভীবাজার","Rajnagar","রাজনগর","rajnagar.moulvibazar.gov.bd","24.56522658","91.86352334","false"
"290","37","Moulvibazar","মৌলভীবাজার","Sreemangal","শ্রীমঙ্গল","sreemangal.moulvibazar.gov.bd","24.30220515","91.69901682","false"
"291","37","Moulvibazar","মৌলভীবাজার","Juri","জুড়ী","juri.moulvibazar.gov.bd","24.55392188","92.14517559","false"
"292","38","Habiganj","হবিগঞ্জ","Nabiganj","নবীগঞ্জ","nabiganj.habiganj.gov.bd","24.57071941","91.54818498","false"
"293","38","Habiganj","হবিগঞ্জ","Bahubal","বাহুবল","bahubal.habiganj.gov.bd","24.36138845","91.54463994","false"
"294","38","Habiganj","হবিগঞ্জ","Ajmiriganj","আজমিরীগঞ্জ","ajmiriganj.habiganj.gov.bd","24.55351135","91.28139364","false"
"295","38","Habiganj","হবিগঞ্জ","Baniachong","বানিয়াচং","baniachong.habiganj.gov.bd","24.49883031","91.36685634","false"
"296","38","Habiganj","হবিগঞ্জ","Lakhai","লাখাই","lakhai.habiganj.gov.bd","24.29851486","91.26089226","false"
"297","38","Habiganj","হবিগঞ্জ","Chunarughat","চুনারুঘাট","chunarughat.habiganj.gov.bd","24.18000387","91.51582163","false"
"298","38","Habiganj","হবিগঞ্জ","Habiganj Sadar","হবিগঞ্জ সদর","habiganjsadar.habiganj.gov.bd","24.35093059","91.41578016","false"
"299","38","Habiganj","হবিগঞ্জ","Madhabpur","মাধবপুর","madhabpur.habiganj.gov.bd","24.12035765","91.33739435","false"
"300","39","Sunamganj","সুনামগঞ্জ","Sunamganj Sadar","সুনামগঞ্জ সদর","sadar.sunamganj.gov.bd","25.0538758","91.39998186","false"
"301","39","Sunamganj","সুনামগঞ্জ","South Sunamganj","দক্ষিণ সুনামগঞ্জ","southsunamganj.sunamganj.gov.bd","24.9123799","91.40777623","false"
"302","39","Sunamganj","সুনামগঞ্জ","Bishwambarpur","বিশ্বম্ভরপুর","bishwambarpur.sunamganj.gov.bd","25.10888415","91.31523834","false"
"303","39","Sunamganj","সুনামগঞ্জ","Chhatak","ছাতক","chhatak.sunamganj.gov.bd","24.94892153","91.61454158","false"
"304","39","Sunamganj","সুনামগঞ্জ","Jagannathpur","জগন্নাথপুর","jagannathpur.sunamganj.gov.bd","24.75016803","91.55672295","false"
"305","39","Sunamganj","সুনামগঞ্জ","Dowarabazar","দোয়ারাবazar","dowarabazar.sunamganj.gov.bd","25.07164732","91.56119491","false"
"306","39","Sunamganj","সুনামগঞ্জ","Tahirpur","তাহিরপুর","tahirpur.sunamganj.gov.bd","25.12901357","91.16369632","false"
"307","39","Sunamganj","সুনামগঞ্জ","Dharmapasha","ধর্মপাশা","dharmapasha.sunamganj.gov.bd","24.9442515","91.0637998","false"
"308","39","Sunamganj","সুনামগঞ্জ","Jamalganj","জামালগঞ্জ","jamalganj.sunamganj.gov.bd","24.95589373","91.20325709","false"
"309","39","Sunamganj","সুনামগঞ্জ","Shalla","শাল্লা","shalla.sunamganj.gov.bd","24.68747144","91.25886283","false"
"310","39","Sunamganj","সুনামগঞ্জ","Derai","দিরাই","derai.sunamganj.gov.bd","24.78742253","91.33608142","false"
"311","40","Narsingdi","নরসিংদী","Belabo","বেলাবো","belabo.narsingdi.gov.bd","24.10145744","90.84873217","false"
"312","40","Narsingdi","নরসিংদী","Monohardi","মনোহরদী","monohardi.narsingdi.gov.bd","24.16079951","90.73076261","false"
"313","40","Narsingdi","নরসিংদী","Narsingdi Sadar","নরসিংদী সদর","narsingdisadar.narsingdi.gov.bd","23.86911891","90.70802254","false"
"314","40","Narsingdi","নরসিংদী","Palash","পলাশ","palash.narsingdi.gov.bd","23.95637032","90.64990826","false"
"315","40","Narsingdi","নরসিংদী","Raipura","রায়পুরা","raipura.narsingdi.gov.bd","23.96194635","90.8720913","false"
"316","40","Narsingdi","নরসিংদী","Shibpur","শিবপুর","shibpur.narsingdi.gov.bd","24.02764768","90.74701282","false"
"317","41","Gazipur","গাজীপুর","Kaliganj","কালীগঞ্জ","kaliganj.gazipur.gov.bd","23.96481774","90.55522821","false"
"318","41","Gazipur","গাজীপুর","Kaliakair","কালিয়াকৈর","kaliakair.gazipur.gov.bd","24.10221402","90.26555217","false"
"319","41","Gazipur","গাজীপুর","Kapasia","কাপাসিয়া","kapasia.gazipur.gov.bd","24.14779535","90.60046014","false"
"320","41","Gazipur","গাজীপুর","Gazipur Sadar","গাজীপুর সদর","sadar.gazipur.gov.bd","24.08486105","90.42475588","false"
"321","41","Gazipur","গাজীপুর","Sreepur","শ্রীপুর","sreepur.gazipur.gov.bd","24.20580898","90.44362975","false"
"322","42","Shariatpur","শরীয়তপুর","Shariatpur Sadar","শরিয়তপুর সদর","sadar.shariatpur.gov.bd","23.21884243","90.31670125","false"
"323","42","Shariatpur","শরীয়তপুর","Naria","নড়িয়া","naria.shariatpur.gov.bd","23.30575605","90.4276623","false"
"324","42","Shariatpur","শরীয়তপুর","Zajira","জাজিরা","zajira.shariatpur.gov.bd","23.36558386","90.3236872","false"
"325","42","Shariatpur","শরীয়তপুর","Gosairhat","গোসাইরহাট","gosairhat.shariatpur.gov.bd","23.08167785","90.45694826","false"
"326","42","Shariatpur","শরীয়তপুর","Bhedarganj","ভেদরগঞ্জ","bhedarganj.shariatpur.gov.bd","23.24773906","90.51356683","false"
"327","42","Shariatpur","শরীয়তপুর","Damudya","ডামুড্যা","damudya.shariatpur.gov.bd","23.13989972","90.42264111","false"
"328","43","Narayanganj","নারায়ণগঞ্জ","Araihazar","আড়াইহাজার","araihazar.narayanganj.gov.bd","23.76432347","90.66936209","false"
"329","43","Narayanganj","নারায়ণগঞ্জ","Bandar","বন্দর","bandar.narayanganj.gov.bd","23.64094241","90.54550603","false"
"330","43","Narayanganj","নারায়ণগঞ্জ","Narayanganj Sadar","নারায়নগঞ্জ সদর","narayanganjsadar.narayanganj.gov.bd","23.61270286","90.46967182","false"
"331","43","Narayanganj","নারায়ণগঞ্জ","Rupganj","রূপগঞ্জ","rupganj.narayanganj.gov.bd","23.81242547","90.54002928","false"
"332","43","Narayanganj","নারায়ণগঞ্জ","Sonargaon","সোনারগাঁ","sonargaon.narayanganj.gov.bd","23.67465419","90.59430133","false"
"333","44","Tangail","টাঙ্গাইল","Basail","বাসাইল","basail.tangail.gov.bd","24.23384013","90.04024194","false"
"334","44","Tangail","টাঙ্গাইল","Bhuapur","ভুয়াপুর","bhuapur.tangail.gov.bd","24.47720074","89.81588907","false"
"335","44","Tangail","টাঙ্গাইল","Delduar","দেলদুয়ার","delduar.tangail.gov.bd","24.14750937","89.93895701","false"
"336","44","Tangail","টাঙ্গাইল","Ghatail","ঘাটাইল","ghatail.tangail.gov.bd","24.47370046","90.05304586","false"
"337","44","Tangail","টাঙ্গাইল","Gopalpur","গোপালপুর","gopalpur.tangail.gov.bd","24.57241619","89.90181619","false"
"338","44","Tangail","টাঙ্গাইল","Madhupur","মধুপুর","madhupur.tangail.gov.bd","24.65012904","90.06228115","false"
"339","44","Tangail","টাঙ্গাইল","Mirzapur","মির্জাপুর","mirzapur.tangail.gov.bd","24.11805874","90.10720089","false"
"340","44","Tangail","টাঙ্গাইল","Nagarpur","নাগরপুর","nagarpur.tangail.gov.bd","24.05062667","89.87547056","false"
"341","44","Tangail","টাঙ্গাইল","Sakhipur","সখিপুর","sakhipur.tangail.gov.bd","24.30626157","90.1748612","false"
"342","44","Tangail","টাঙ্গাইল","Tangail Sadar","টাঙ্গাইল সদর","tangailsadar.tangail.gov.bd","24.25962298","89.86705123","false"
"343","44","Tangail","টাঙ্গাইল","Kalihati","কালিহাতী","kalihati.tangail.gov.bd","24.3596877","89.94673602","false"
"344","44","Tangail","টাঙ্গাইল","Dhanbari","ধনবাড়ী","dhanbari.tangail.gov.bd","24.68753433","89.93350156","false"
"345","45","Kishoreganj","কিশোরগঞ্জ","Itna","ইটনা","itna.kishoreganj.gov.bd","24.55093334","91.08404973","false"
"346","45","Kishoreganj","কিশোরগঞ্জ","Katiadi","কটিয়াদী","katiadi.kishoreganj.gov.bd","24.2952187","90.82084672","false"
"347","45","Kishoreganj","কিশোরগঞ্জ","Bhairab","ভৈরব","bhairab.kishoreganj.gov.bd","24.10221109","90.98120406","false"
"348","45","Kishoreganj","কিশোরগঞ্জ","Tarail","তাড়াইল","tarail.kishoreganj.gov.bd","24.55087077","90.89053903","false"
"349","45","Kishoreganj","কিশোরগঞ্জ","Hossainpur","হোসেনপুর","hossainpur.kishoreganj.gov.bd","24.44832765","90.66335442","false"
"350","45","Kishoreganj","কিশোরগঞ্জ","Pakundia","পাকুন্দিয়া","pakundia.kishoreganj.gov.bd","24.32148898","90.69366131","false"
"351","45","Kishoreganj","কিশোরগঞ্জ","Kuliarchar","কুলিয়ারচর","kuliarchar.kishoreganj.gov.bd","24.15311063","90.88661308","false"
"352","45","Kishoreganj","কিশোরগঞ্জ","Kishoreganj Sadar","কিশোরগঞ্জ সদর","kishoreganjsadar.kishoreganj.gov.bd","24.42594991","90.78325593","false"
"353","45","Kishoreganj","কিশোরগঞ্জ","Karimgonj","করিমগঞ্জ","karimgonj.kishoreganj.gov.bd","24.45434037","90.89635343","false"
"354","45","Kishoreganj","কিশোরগঞ্জ","Bajitpur","বাজিতপুর","bajitpur.kishoreganj.gov.bd","24.2266224","90.94846361","false"
"355","45","Kishoreganj","কিশোরগঞ্জ","Austagram","অষ্টগ্রাম","austagram.kishoreganj.gov.bd","24.32358689","91.12249556","false"
"356","45","Kishoreganj","কিশোরগঞ্জ","Mithamoin","মিঠামইন","mithamoin.kishoreganj.gov.bd","24.43314857","91.11090071","false"
"357","45","Kishoreganj","কিশোরগঞ্জ","Nikli","নিকলী","nikli.kishoreganj.gov.bd","24.33828073","90.96093837","false"
"358","46","Manikganj","মানিকগঞ্জ","Harirampur","হরিরামপুর","harirampur.manikganj.gov.bd","23.72066709","89.94587763","false"
"359","46","Manikganj","মানিকগঞ্জ","Saturia","সাটুরিয়া","saturia.manikganj.gov.bd","23.95847921","90.00104205","false"
"360","46","Manikganj","মানিকগঞ্জ","Manikganj Sadar","মানিকগঞ্জ সদর","sadar.manikganj.gov.bd","23.83665517","90.02995338","false"
"361","46","Manikganj","মানিকগঞ্জ","Gior","ঘিওর","gior.manikganj.gov.bd","23.87441371","89.90388194","false"
"362","46","Manikganj","মানিকগঞ্জ","Shibaloy","শিবালয়","shibaloy.manikganj.gov.bd","23.83837419","89.81082872","false"
"363","46","Manikganj","মানিকগঞ্জ","Doulatpur","দৌলতপুর","doulatpur.manikganj.gov.bd","23.95619414","89.79863832","false"
"364","46","Manikganj","মানিকগঞ্জ","Singiar","সিংগাইর","singiar.manikganj.gov.bd","23.78336259","90.15404116","false"
"365","47","Dhaka","ঢাকা","Savar","সাভার","savar.dhaka.gov.bd","23.87995122","90.28057123","false"
"366","47","Dhaka","ঢাকা","Dhamrai","ধামরাই","dhamrai.dhaka.gov.bd","23.93897826","90.14080346","false"
"367","47","Dhaka","ঢাকা","Keraniganj","কেরাণীগঞ্জ","keraniganj.dhaka.gov.bd","23.69433062","90.34365782","false"
"368","47","Dhaka","ঢাকা","Nawabganj","নবাবগঞ্জ","nawabganj.dhaka.gov.bd","23.67242589","90.16080129","false"
"369","47","Dhaka","ঢাকা","Dohar","দোহার","dohar.dhaka.gov.bd","23.60157963","90.10840628","false"
"370","48","Munshiganj","মুন্সিগঞ্জ","Munshiganj Sadar","মুন্সিগঞ্জ সদর","sadar.munshiganj.gov.bd","23.48746746","90.52607222","false"
"371","48","Munshiganj","মুন্সিগঞ্জ","Sreenagar","শ্রীনগর","sreenagar.munshiganj.gov.bd","23.54637332","90.26358225","false"
"372","48","Munshiganj","মুন্সিগঞ্জ","Sirajdikhan","সিরাজদিখান","sirajdikhan.munshiganj.gov.bd","23.59764523","90.35802481","false"
"373","48","Munshiganj","মুন্সিগঞ্জ","Louhajanj","লৌহজং","louhajanj.munshiganj.gov.bd","23.46915976","90.34353188","false"
"374","48","Munshiganj","মুন্সিগঞ্জ","Gajaria","গজারিয়া","gajaria.munshiganj.gov.bd","23.54722572","90.62901939","false"
"375","48","Munshiganj","মুন্সিগঞ্জ","Tongibari","টংগীবাড়ি","tongibari.munshiganj.gov.bd","23.47479103","90.45275509","false"
"376","49","Rajbari","রাজবাড়ী","Rajbari Sadar","রাজবাড়ী সদর","sadar.rajbari.gov.bd","23.71718423","89.65606415","false"
"377","49","Rajbari","রাজবাড়ী","Goalanda","গোয়ালন্দ","goalanda.rajbari.gov.bd","23.75575567","89.76518481","false"
"378","49","Rajbari","রাজবাড়ী","Pangsa","পাংশা","pangsa.rajbari.gov.bd","23.78899188","89.38777563","false"
"379","49","Rajbari","রাজবাড়ী","Baliakandi","বালিয়াকান্দি","baliakandi.rajbari.gov.bd","23.65063781","89.55170229","false"
"380","49","Rajbari","রাজবাড়ী","Kalukhali","কালুখালী","kalukhali.rajbari.gov.bd","23.74188518","89.47527823","false"
"381","50","Madaripur","মাদারীপুর","Madaripur Sadar","মাদারীপুর সদর","sadar.madaripur.gov.bd","23.19122006","90.17839699","false"
"382","50","Madaripur","মাদারীপুর","Shibchar","শিবচর","shibchar.madaripur.gov.bd","23.37319972","90.17594971","false"
"383","50","Madaripur","মাদারীপুর","Kalkini","কালকিনি","kalkini.madaripur.gov.bd","23.06702105","90.28068024","false"
"384","50","Madaripur","মাদারীপুর","Rajoir","রাজৈর","rajoir.madaripur.gov.bd","23.20208039","90.03856994","false"
"385","51","Gopalganj","গোপালগঞ্জ","Gopalganj Sadar","গোপালগঞ্জ সদর","sadar.gopalganj.gov.bd","23.06056181","89.84767364","false"
"386","51","Gopalganj","গোপালগঞ্জ","Kashiani","কাশিয়ানী","kashiani.gopalganj.gov.bd","23.19131338","89.79519002","false"
"387","51","Gopalganj","গোপালগঞ্জ","Tungipara","টুংগীপাড়া","tungipara.gopalganj.gov.bd","22.92359515","89.90223546","false"
"388","51","Gopalganj","গোপালগঞ্জ","Kotalipara","কোটালীপাড়া","kotalipara.gopalganj.gov.bd","23.01051938","90.02019937","false"
"389","51","Gopalganj","গোপালগঞ্জ","Muksudpur","মুকসুদপুর","muksudpur.gopalganj.gov.bd","23.26614945","89.91575687","false"
"390","52","Faridpur","ফরিদপুর","Faridpur Sadar","ফরিদপুর সদর","sadar.faridpur.gov.bd","23.5974305","89.81272444","false"
"391","52","Faridpur","ফরিদপুর","Alfadanga","আলফাডাঙ্গা","alfadanga.faridpur.gov.bd","23.29513493","89.67033006","false"
"392","52","Faridpur","ফরিদপুর","Boalmari","বোয়ালমারী","boalmari.faridpur.gov.bd","23.39867627","89.69242212","false"
"393","52","Faridpur","ফরিদপুর","Sadarpur","সদরপুর","sadarpur.faridpur.gov.bd","23.49841249","90.05092519","false"
"394","52","Faridpur","ফরিদপুর","Nagarkanda","নগরকান্দা","nagarkanda.faridpur.gov.bd","23.43433249","89.89562244","false"
"395","52","Faridpur","ফরিদপুর","Bhanga","ভাঙ্গা","bhanga.faridpur.gov.bd","23.38910046","90.0100025","false"
"396","52","Faridpur","ফরিদপুর","Charbhadrasan","চরভদ্রাসন","charbhadrasan.faridpur.gov.bd","23.59005054","89.98012695","false"
"397","52","Faridpur","ফরিদপুর","Madhukhali","মধুখালী","madhukhali.faridpur.gov.bd","23.54110013","89.61112757","false"
"398","52","Faridpur","ফরিদপুর","Saltha","সালথা","saltha.faridpur.gov.bd","23.41804522","89.80078563","false"
"399","53","Panchagarh","পঞ্চগড়","Panchagarh Sadar","পঞ্চগড় সদর","panchagarhsadar.panchagarh.gov.bd","26.36478029","88.591095","false"
"400","53","Panchagarh","পঞ্চগড়","Debiganj","দেবীগঞ্জ","debiganj.panchagarh.gov.bd","26.12695233","88.7173732","false"
"401","53","Panchagarh","পঞ্চগড়","Boda","বোদা","boda.panchagarh.gov.bd","26.23502554","88.61881927","false"
"402","53","Panchagarh","পঞ্চগড়","Atwari","আটোয়ারী","atwari.panchagarh.gov.bd","26.25081731","88.42459873","false"
"403","53","Panchagarh","পঞ্চগড়","Tetulia","তেতুলিয়া","tetulia.panchagarh.gov.bd","26.51251074","88.43057717","false"
"404","54","Dinajpur","দিনাজপুর","Nawabganj","নবাবগঞ্জ","nawabganj.dinajpur.gov.bd","25.42088957","89.09055668","false"
"405","54","Dinajpur","দিনাজপুর","Birganj","বীরগঞ্জ","birganj.dinajpur.gov.bd","25.92942183","88.62578221","false"
"406","54","Dinajpur","দিনাজপুর","Ghoraghat","ঘোড়াঘাট","ghoraghat.dinajpur.gov.bd","25.28733313","89.21475129","false"
"407","54","Dinajpur","দিনাজপুর","Birampur","বিরামপুর","birampur.dinajpur.gov.bd","25.3799376","88.96340196","false"
"408","54","Dinajpur","দিনাজপুর","Parbatipur","পার্বতীপুর","parbatipur.dinajpur.gov.bd","25.61976841","88.92296933","false"
"409","54","Dinajpur","দিনাজপুর","Bochaganj","বোচাগঞ্জ","bochaganj.dinajpur.gov.bd","25.786215","88.45332443","false"
"410","54","Dinajpur","দিনাজপুর","Kaharol","কাহারোল","kaharol.dinajpur.gov.bd","25.80245749","88.5985003","false"
"411","54","Dinajpur","দিনাজপুর","Fulbari","ফুলবাড়ী","fulbari.dinajpur.gov.bd","25.47137881","88.90073652","false"
"412","54","Dinajpur","দিনাজপুর","Dinajpur Sadar","দিনাজপুর সদর","dinajpursadar.dinajpur.gov.bd","25.60820914","88.67571762","false"
"413","54","Dinajpur","দিনাজপুর","Hakimpur","হাকিমপুর","hakimpur.dinajpur.gov.bd","25.29276704","89.06120429","false"
"414","54","Dinajpur","দিনাজপুর","Khansama","খানসামা","khansama.dinajpur.gov.bd","25.87170113","88.76460004","false"
"415","54","Dinajpur","দিনাজপুর","Birol","বিরল","birol.dinajpur.gov.bd","25.6468912","88.54722616","false"
"416","54","Dinajpur","দিনাজপুর","Chirirbandar","চিরিরবন্দর","chirirbandar.dinajpur.gov.bd","25.666732","88.78325675","false"
"417","55","Lalmonirhat","লালমনিরহাট","Lalmonirhat Sadar","লালমনিরহাট সদর","sadar.lalmonirhat.gov.bd","25.87870187","89.4533625","false"
"418","55","Lalmonirhat","লালমনিরহাট","Kaliganj","কালীগঞ্জ","kaliganj.lalmonirhat.gov.bd","25.98561274","89.24170563","false"
"419","55","Lalmonirhat","লালমনিরহাট","Hatibandha","হাতীবান্ধা","hatibandha.lalmonirhat.gov.bd","26.12026719","89.1436277","false"
"420","55","Lalmonirhat","লালমনিরহাট","Patgram","পাটগ্রাম","patgram.lalmonirhat.gov.bd","26.34342513","89.01951962","false"
"421","55","Lalmonirhat","লালমনিরহাট","Aditmari","আদিতমারী","aditmari.lalmonirhat.gov.bd","25.94295908","89.36819323","false"
"422","56","Nilphamari","নীলফামারী","Syedpur","সৈয়দপুর","syedpur.nilphamari.gov.bd","25.80367107","88.92050498","false"
"423","56","Nilphamari","নীলফামারী","Domar","ডোমার","domar.nilphamari.gov.bd","26.15958625","88.82543146","false"
"424","56","Nilphamari","নীলফামারী","Dimla","ডিমলা","dimla.nilphamari.gov.bd","26.17310954","88.9738563","false"
"425","56","Nilphamari","নীলফামারী","Jaldhaka","জলঢাকা","jaldhaka.nilphamari.gov.bd","26.03119206","88.99362175","false"
"426","56","Nilphamari","নীলফামারী","Kishorganj","কিশোরগঞ্জ","kishorganj.nilphamari.gov.bd","25.89799915","89.03314087","false"
"427","56","Nilphamari","নীলফামারী","Nilphamari Sadar","নীলফামারী সদর","nilphamarisadar.nilphamari.gov.bd","25.94204608","88.85474141","false"
"428","57","Gaibandha","গাইবান্ধা","Sadullapur","সাদুল্লাপুর","sadullapur.gaibandha.gov.bd","25.39485471","89.42568996","false"
"429","57","Gaibandha","গাইবান্ধা","Gaibandha Sadar","গাইবান্ধা সদর","gaibandhasadar.gaibandha.gov.bd","25.35001584","89.56561501","false"
"430","57","Gaibandha","গাইবান্ধা","Palashbari","পলাশবাড়ী","palashbari.gaibandha.gov.bd","25.26506469","89.39175132","false"
"431","57","Gaibandha","গাইবান্ধা","Saghata","সাঘাটা","saghata.gaibandha.gov.bd","25.1251917","89.56345058","false"
"432","57","Gaibandha","গাইবান্ধা","Gobindaganj","গোবিন্দগঞ্জ","gobindaganj.gaibandha.gov.bd","25.15773216","89.36972742","false"
"433","57","Gaibandha","গাইবান্ধা","Sundarganj","সুন্দরগঞ্জ","sundarganj.gaibandha.gov.bd","25.51016336","89.56182562","false"
"434","57","Gaibandha","গাইবান্ধা","Phulchari","ফুলছড়ি","phulchari.gaibandha.gov.bd","25.25378546","89.65325858","false"
"435","58","Thakurgaon","ঠাকুরগাঁও","Thakurgaon Sadar","ঠাকুরগাঁও সদর","thakurgaonsadar.thakurgaon.gov.bd","26.07173216","88.46375411","false"
"436","58","Thakurgaon","ঠাকুরগাঁও","Pirganj","পীরগঞ্জ","pirganj.thakurgaon.gov.bd","25.84245298","88.36790187","false"
"437","58","Thakurgaon","ঠাকুরগাঁও","Ranisankail","রাণীশংকৈল","ranisankail.thakurgaon.gov.bd","25.94076753","88.24587287","false"
"438","58","Thakurgaon","ঠাকুরগাঁও","Haripur","হরিপুর","haripur.thakurgaon.gov.bd","25.87881874","88.15452214","false"
"439","58","Thakurgaon","ঠাকুরগাঁও","Baliadangi","বালিয়াডাঙ্গী","baliadangi.thakurgaon.gov.bd","26.10819674","88.2634769","false"
"440","59","Rangpur","রংপুর","Rangpur Sadar","রংপুর সদর","rangpursadar.rangpur.gov.bd","25.75121974","89.15060773","false"
"441","59","Rangpur","রংপুর","Gangachara","গংগাচড়া","gangachara.rangpur.gov.bd","25.88015073","89.20096031","false"
"442","59","Rangpur","রংপুর","Taragonj","তারাগঞ্জ","taragonj.rangpur.gov.bd","25.78336557","89.03331225","false"
"443","59","Rangpur","রংপুর","Badargonj","বদরগঞ্জ","badargonj.rangpur.gov.bd","25.66776884","89.05492385","false"
"444","59","Rangpur","রংপুর","Mithapukur","মিঠাপুকুর","mithapukur.rangpur.gov.bd","25.57212022","89.26091919","false"
"445","59","Rangpur","রংপুর","Pirgonj","পীরগঞ্জ","pirgonj.rangpur.gov.bd","25.42579893","89.27470198","false"
"446","59","Rangpur","রংপুর","Kaunia","কাউনিয়া","kaunia.rangpur.gov.bd","25.76638064","89.39371603","false"
"447","59","Rangpur","রংপুর","Pirgacha","পীরগাছা","pirgacha.rangpur.gov.bd","25.66502233","89.422271","false"
"448","60","Kurigram","কুড়িগ্রাম","Kurigram Sadar","কুড়িগ্রাম সদর","kurigramsadar.kurigram.gov.bd","25.82725828","89.69146386","false"
"449","60","Kurigram","কুড়িগ্রাম","Nageshwari","নাগেশ্বরী","nageshwari.kurigram.gov.bd","25.95992217","89.73954435","false"
"450","60","Kurigram","কুড়িগ্রাম","Bhurungamari","ভুরুঙ্গামারী","bhurungamari.kurigram.gov.bd","26.11552584","89.69340888","false"
"451","60","Kurigram","কুড়িগ্রাম","Phulbari","ফুলবাড়ী","phulbari.kurigram.gov.bd","25.94768997","89.571724","false"
"452","60","Kurigram","কুড়িগ্রাম","Rajarhat","রাজারহাট","rajarhat.kurigram.gov.bd","25.78741372","89.54159745","false"
"453","60","Kurigram","কুড়িগ্রাম","Ulipur","উলিপুর","ulipur.kurigram.gov.bd","25.68970821","89.66873442","false"
"454","60","Kurigram","কুড়িগ্রাম","Chilmari","চিলমারী","chilmari.kurigram.gov.bd","25.56393785","89.71820959","false"
"455","60","Kurigram","কুড়িগ্রাম","Rowmari","রৌমারী","rowmari.kurigram.gov.bd","25.59306707","89.82808122","false"
"456","60","Kurigram","কুড়িগ্রাম","Charrajibpur","চর রাজিবপুর","charrajibpur.kurigram.gov.bd","25.44429196","89.76420813","false"
"457","61","Sherpur","শেরপুর","Sherpur Sadar","শেরপুর সদর","sherpursadar.sherpur.gov.bd","24.99084023","90.02163529","false"
"458","61","Sherpur","শেরপুর","Nalitabari","নালিতাবাড়ী","nalitabari.sherpur.gov.bd","25.11729884","90.18440043","false"
"459","61","Sherpur","শেরপুর","Sreebordi","শ্রীবরদী","sreebordi.sherpur.gov.bd","25.16484943","89.95713439","false"
"460","61","Sherpur","শেরপুর","Nokla","নকলা","nokla.sherpur.gov.bd","24.95798125","90.18478482","false"
"461","61","Sherpur","শেরপুর","Jhenaigati","ঝিনাইগাতী","jhenaigati.sherpur.gov.bd","25.18241144","90.05414329","false"
"462","62","Mymensingh","ময়মনসিংহ","Fulbaria","ফুলবাড়ীয়া","fulbaria.mymensingh.gov.bd","24.58684471","90.25615763","false"
"463","62","Mymensingh","ময়মনসিংহ","Trishal","ত্রিশাল","trishal.mymensingh.gov.bd","24.56370418","90.41044074","false"
"464","62","Mymensingh","ময়মনসিংহ","Bhaluka","ভালুকা","bhaluka.mymensingh.gov.bd","24.38161662","90.35390162","false"
"465","62","Mymensingh","ময়মনসিংহ","Muktagacha","মুক্তাগাছা","muktagacha.mymensingh.gov.bd","24.74426562","90.20554409","false"
"466","62","Mymensingh","ময়মনসিংহ","Mymensingh Sadar","ময়মনসিংহ সদর","mymensinghsadar.mymensingh.gov.bd","24.84613696","90.26415422","false"
"467","62","Mymensingh","ময়মনসিংহ","Dhobaura","ধোবাউড়া","dhobaura.mymensingh.gov.bd","25.10122351","90.52558027","false"
"468","62","Mymensingh","ময়মনসিংহ","Phulpur","ফুলপুর","phulpur.mymensingh.gov.bd","24.95293883","90.35294374","false"
"469","62","Mymensingh","ময়মনসিংহ","Haluaghat","হালুয়াঘাট","haluaghat.mymensingh.gov.bd","25.08413627","90.35208288","false"
"470","62","Mymensingh","ময়মনসিংহ","Gouripur","গৌরীপুর","gouripur.mymensingh.gov.bd","24.75653851","90.58614903","false"
"471","62","Mymensingh","ময়মনসিংহ","Gafargaon","গফরগাঁও","gafargaon.mymensingh.gov.bd","24.39365628","90.54992728","false"
"472","62","Mymensingh","ময়মনসিংহ","Iswarganj","ঈশ্বরগঞ্জ","iswarganj.mymensingh.gov.bd","24.64475383","90.59950915","false"
"473","62","Mymensingh","ময়মনসিংহ","Nandail","নান্দাইল","nandail.mymensingh.gov.bd","24.54947402","90.67677784","false"
"474","62","Mymensingh","ময়মনসিংহ","Tarakanda","তারাকান্দা","tarakanda.mymensingh.gov.bd","24.86413144","90.46339735","false"
"475","63","Jamalpur","জামালপুর","Jamalpur Sadar","জামালপুর সদর","jamalpursadar.jamalpur.gov.bd","24.84275893","90.01524092","false"
"476","63","Jamalpur","জামালপুর","Melandah","মেলান্দহ","melandah.jamalpur.gov.bd","24.95599302","89.82798691","false"
"477","63","Jamalpur","জামালপুর","Islampur","ইসলামপুর","islampur.jamalpur.gov.bd","25.07564439","89.76306354","false"
"478","63","Jamalpur","জামালপুর","Dewangonj","দেওয়ানগঞ্জ","dewangonj.jamalpur.gov.bd","25.2679709","89.76630949","false"
"479","63","Jamalpur","জামালপুর","Sarishabari","সরিষাবাড়ী","sarishabari.jamalpur.gov.bd","24.72155439","89.83061407","false"
"480","63","Jamalpur","জামালপুর","Madarganj","মাদারগঞ্জ","madarganj.jamalpur.gov.bd","24.88510913","89.74178896","false"
"481","63","Jamalpur","জামালপুর","Bokshiganj","বকশীগঞ্জ","bokshiganj.jamalpur.gov.bd","25.2144324","89.85216642","false"
"482","64","Netrokona","নেত্রকোণা","Barhatta","বারহাট্টা","barhatta.netrokona.gov.bd","24.92234073","90.88506443","false"
"483","64","Netrokona","নেত্রকোণা","Durgapur","দুর্গাপুর","durgapur.netrokona.gov.bd","25.0890702","90.6833433","false"
"484","64","Netrokona","নেত্রকোণা","Kendua","কেন্দুয়া","kendua.netrokona.gov.bd","24.67804297","90.80216919","false"
"485","64","Netrokona","নেত্রকোণা","Atpara","আটপাড়া","atpara.netrokona.gov.bd","24.79395945","90.87706885","false"
"486","64","Netrokona","নেত্রকোণা","Madan","মদন","madan.netrokona.gov.bd","24.67829123","90.96698729","false"
"487","64","Netrokona","নেত্রকোণা","Khaliajuri","খালিয়াজুরী","khaliajuri.netrokona.gov.bd","24.70497783","91.12181656","false"
"488","64","Netrokona","নেত্রকোণা","Kalmakanda","কলমাকান্দা","kalmakanda.netrokona.gov.bd","25.07759048","90.85761154","false"
"489","64","Netrokona","নেত্রকোণা","Mohongonj","মোহনগঞ্জ","mohongonj.netrokona.gov.bd","24.827911","91.02336058","false"
"490","64","Netrokona","নেত্রকোণা","Purbadhala","পূর্বধলা","purbadhala.netrokona.gov.bd","24.93402036","90.60294175","false"
"491","64","Netrokona","নেত্রকোণা","Netrokona Sadar","নেত্রকোণা সদর","netrokonasadar.netrokona.gov.bd","24.88718661","90.73811233","false"
"492","9","Coxsbazar","কক্সবাজার","Eidgaon","ঈদগাঁও","null","21.55582075","92.05915783","false"
"493","39","Sunamganj","সুনামগঞ্জ","Madhyanagar","মধ্যনগর","null","25.09020205","91.0132659","false"
"494","50","Madaripur","মাদারীপুর","Dasar","ডাসার","null","23.09203776","90.16068434","false"
"495","47","Dhaka","ঢাকা","Adabor","আদাবর","null","23.7732898","90.35483119999999","true"
"496","47","Dhaka","ঢাকা","Badda","বাড্ডা","null","23.7805462","90.4266584","true"
"497","47","Dhaka","ঢাকা","Bangshal","বংশাল","null","23.71814","90.4007384","true"
"498","47","Dhaka","ঢাকা","Biman Bandar","বিমানবন্দর","null","23.851232","90.407657","true"
"499","47","Dhaka","ঢাকা","Cantonment","ক্যান্টনমেন্ট","null","23.8282405","90.3889622","true"
"500","47","Dhaka","ঢাকা","Chawkbazar","চকবাজার","null","23.7170356","90.39632189999999","true"
"501","47","Dhaka","ঢাকা","Darus Salam","দারুস সালাম","null","23.7784999","90.35306659999999","true"
"502","47","Dhaka","ঢাকা","Demark","ডেমরা","null","23.804093","90.4152376","true"
"503","47","Dhaka","ঢাকা","Dhanmondi","ধানমন্ডি","null","23.7461495","90.3742307","true"
"504","47","Dhaka","ঢাকা","Gendaria","গেণ্ডারিয়া","null","23.7024528","90.4260691","true"
"505","47","Dhaka","ঢাকা","Gulshan","গুলশান","null","23.794798","90.4142694","true"
"506","47","Dhaka","ঢাকা","Hazaribagh","হাজারীবাগ","null","23.744724","90.359551","true"
"507","47","Dhaka","ঢাকা","Jatrabari","যাত্রাবাড়ী","null","23.7106102","90.43490919999999","true"
"508","47","Dhaka","ঢাকা","Kadamtali","কদমতলী","null","23.7017913","90.3948498","true"
"509","47","Dhaka","ঢাকা","Kafrul","কাফরুল","null","23.7895638","90.39131719999999","true"
"510","47","Dhaka","ঢাকা","Kalabagan","কলাবাগান","null","23.7494231","90.3830754","true"
"511","47","Dhaka","ঢাকা","Kamrangirchar","কামরাঙ্গীরচর","null","23.7182214","90.367774","true"
"512","47","Dhaka","ঢাকা","Khilgaon","খিলগাঁও","null","23.7566389","90.4643906","true"
"513","47","Dhaka","ঢাকা","Khilkhet","খিলক্ষেত","null","23.8311224","90.4243013","true"
"514","47","Dhaka","ঢাকা","Kotwali","কোতোয়ালী","null","23.7106805","90.4089838","true"
"515","47","Dhaka","ঢাকা","Lalbagh","লালবাগ","null","23.7181758","90.3866074","true"
"516","47","Dhaka","ঢাকা","Mirpur","মিরপুর","null","23.8151741","90.3632786","true"
"517","47","Dhaka","ঢাকা","Mohammadpur","মোহাম্মদপুর","null","23.7661639","90.3588734","true"
"518","47","Dhaka","ঢাকা","Motijheel","মতিঝিল","null","23.7329724","90.417231","true"
"519","47","Dhaka","ঢাকা","New Market","নিউ মার্কেট","null","23.7331937","90.3837664","true"
"520","47","Dhaka","ঢাকা","Pallabi","পল্লবী","null","23.8283088","90.36071369999999","true"
"521","47","Dhaka","ঢাকা","Paltan","পল্টন","null","23.7322458","90.4107509","true"
"522","47","Dhaka","ঢাকা","Ramna","রমনা","null","23.7330218","90.3983829","true"
"523","47","Dhaka","ঢাকা","Rampura","রামপুরা","null","23.7612256","90.420766","true"
"524","47","Dhaka","ঢাকা","Rupnagar","রূপনগর","null","23.7771725","90.43638279999999","true"
"525","47","Dhaka","ঢাকা","Sabujbagh","সবুজবাগ","null","23.7383544","90.42921249999999","true"
"526","47","Dhaka","ঢাকা","Shah Ali","শাহ আলী","null","23.8035611","90.3508276","true"
"527","47","Dhaka","ঢাকা","Shahbagh","শাহবাগ","null","23.7397263","90.394261","true"
"528","47","Dhaka","ঢাকা","Sher-e-Bangla Nagar","শেরেবাংলা নগর","null","23.7717497","90.37718950000001","true"
"529","47","Dhaka","ঢাকা","Shyampur","শ্যামপুর","null","23.6852903","90.44552","true"
"530","47","Dhaka","ঢাকা","Sutrapur","সূত্রাপুর","null","23.7121399","90.4195876","true"
"531","47","Dhaka","ঢাকা","Tejgaon","তেজগাঁও","null","23.759815","90.39131719999999","true"
"532","47","Dhaka","ঢাকা","Tejgaon Industrial Area","তেজগাঁও শিল্পাঞ্চল","null","23.7657287","90.4054498","true"
"533","47","Dhaka","ঢাকা","Turag","তুরাগ","null","23.8762949","90.36860779999999","true"
"534","47","Dhaka","ঢাকা","Uttara East","উত্তরা পূর্ব","null","23.8728511","90.39131719999999","true"
"535","47","Dhaka","ঢাকা","Uttara West","উত্তরা পশ্চিম","null","23.8758187","90.38745639999999","true"
"536","47","Dhaka","ঢাকা","Vatara","ভাটারা","null","23.80135","90.4337304","true"
"537","48","Munshiganj","মুন্সিগঞ্জ","Wari","ওয়ারী","null","23.4609812","90.2843096","true"
"538","47","Dhaka","ঢাকা","Hatirjheel","হাতিরঝিল","null","23.769424","90.41428529999999","true"
"539","47","Dhaka","ঢাকা","Vashantek","ভাষানটেক","null","23.8049579","90.3876764","true"
"540","8","Chattogram","চট্টগ্রাম","Akbar Shah","আকবর শাহ","null","22.372957","91.7803765","true"
"541","8","Chattogram","চট্টগ্রাম","Bakalia","বাকলিয়া","null","22.3530007","91.8562218","true"
"542","8","Chattogram","চট্টগ্রাম","Bayezid Bostami","বায়োজিদ বোস্তামী","null","22.3638193","91.8260079","true"
"543","8","Chattogram","চট্টগ্রাম","Chandgaon","চাঁান্দগাঁও","null","22.3887509","91.8562218","true"
"544","8","Chattogram","চট্টগ্রাম","Chittagong Kotwali","কোতোয়ালী","null","22.3414146","91.8269573","true"
"545","8","Chattogram","চট্টগ্রাম","Double Mooring","ডাবলমুরিং","null","22.3297149","91.80745859999999","true"
"546","8","Chattogram","চট্টগ্রাম","Epz","ইপিজেড","null","22.2805989","91.78475449999999","true"
"547","8","Chattogram","চট্টগ্রাম","Halishahar","হালিশহর","null","22.318119","91.77822669999999","true"
"548","8","Chattogram","চট্টগ্রাম","Karnaphuli","কর্ণফুলী","null","22.2833245","91.7872056","true"
"549","8","Chattogram","চট্টগ্রাম","Khulshi","খুলশী","null","22.3614768","91.814013","true"
"550","8","Chattogram","চট্টগ্রাম","Panchlaish","পাঁচলাইশ","null","22.3621872","91.8342716","true"
"551","8","Chattogram","চট্টগ্রাম","Pahartali","পাহাড়তলী","null","22.3657883","91.77822669999999","true"
"552","8","Chattogram","চট্টগ্রাম","Patenga","পতেঙ্গা","null","22.2391378","91.81446489999999","true"
"553","8","Chattogram","চট্টগ্রাম","Sadarghat","সদরঘাট","null","22.3237868","91.8227155","true"
"554","15","Rajshahi","রাজশাহী","Boalia","বোয়ালিয়া","null","24.3747269","88.6041329","true"
"555","15","Rajshahi","রাজশাহী","Rajpara","রাজপাড়া","null","24.3735078","88.5722344","true"
"556","15","Rajshahi","রাজশাহী","Motihar","মতিহার","null","24.3616628","88.6270882","true"
"557","15","Rajshahi","রাজশাহী","Shah Makhdum","শাহ মখদুম","null","24.3935517","88.6117692","true"
"558","15","Rajshahi","রাজশাহী","Chandrima","চন্দ্রিমা","null","24.3746497","88.60036649999999","true"
"559","15","Rajshahi","রাজশাহী","Katakhali","কাটাখালী","null","24.2103421","89.225325","true"
"560","15","Rajshahi","রাজশাহী","Belpukur","বেলপুকুর","null","24.3650145","88.7244071","true"
"561","15","Rajshahi","রাজশাহী","Airport","বিমানবন্দর","null","24.7105776","88.94138650000001","true"
"562","15","Rajshahi","রাজশাহী","Kashia Danga","কাশিয়াডাঙ্গা","null","24.5202514","88.54444749999999","true"
"563","15","Rajshahi","রাজশাহী","Karnaher","কর্ণহার","null","24.3746497","88.60036649999999","true"
"564","15","Rajshahi","রাজশাহী","Damkura","দামকুড়া","null","24.4064398","88.5232509","true"
"565","27","Khulna","খুলনা","Khulna Sadar Thana","খুলনা সদর থানা","null","22.8171194","89.56485990000002","true"
"566","27","Khulna","খুলনা","Sonadanga","সোনাডাঙ্গা","null","22.8247809","89.5379687","true"
"567","27","Khulna","খুলনা","Khalishpur","খালিশপুর","null","22.8624819","89.5298607","true"
"568","27","Khulna","খুলনা","Daulatpur","দৌলতপুর","null","22.8634453","89.5167298","true"
"569","27","Khulna","খুলনা","Khan Jahan Ali","খান জাহান আলী","null","22.8618196","89.51164100000001","true"
"570","27","Khulna","খুলনা","Harintana","হরিণটানা","null","22.7905968","89.5650908","true"
"571","27","Khulna","খুলনা","Aranghata","আড়ংঘাটা","null","22.8723313","89.5002027","true"
"572","27","Khulna","খুলনা","Labanchara","লবণচরা","null","22.7848147","89.5775779","true"
"573","33","Barisal","বরিশাল","Kotwali Model","কোতোয়ালী মডেল","null","22.7063099","90.37181939999999","true"
"574","33","Barisal","বরিশাল","Kawnia","কাউনিয়া","null","22.7177927","90.3583606","true"
"575","33","Barisal","বরিশাল","Bandar Thana","বন্দর থানা","null","22.7132876","90.3496278","true"
"576","33","Barisal","বরিশাল","Airport Thana","বিমানবন্দর থানা","null","22.7571957","90.31593699999999","true"
"577","36","Sylhet","সিলেট","Kotwali","কোতোয়ালী","null","24.8889156","91.8653709","true"
"578","36","Sylhet","সিলেট","Jalalabad","জালালাবাদ","null","24.9089724","91.862321","true"
"579","36","Sylhet","সিলেট","Shah Poran","শাহ পরান","null","24.8995551","91.8724244","true"
"580","36","Sylhet","সিলেট","South Surma","দক্ষিণ সুরমা","null","24.9047808","91.86000790000001","true"
"581","36","Sylhet","সিলেট","Gazerpara","গাজীপুর","null","24.8173923","91.8922193","true"
"582","36","Sylhet","সিলেট","Moglabazar","মোগলাবাজার","null","24.9047808","91.86000790000001","true"
"583","36","Sylhet","সিলেট","Airport","বিমানবন্দর","null","24.9583415","91.8707201","true"
"584","41","Gazipur","গাজীপুর","Tongu East","টঙ্গী পূর্ব","null","23.9905079","90.3877184","true"
"585","41","Gazipur","গাজীপুর","Tongi West","টঙ্গী পশ্চিম","null","23.9170359","90.39008369999999","true"
"586","41","Gazipur","গাজীপুর","Gachha","গাছা","null","23.9383393","90.367774","true"
"587","41","Gazipur","গাজীপুর","Basan","বাসন","null","23.9888988","90.36542039999999","true"
"588","41","Gazipur","গাজীপুর","Konabari","কোনাবাড়ী","null","24.0112973","90.3219053","true"
"589","41","Gazipur","গাজীপুর","Kashimpur","কাশিমপুর","null","23.9845353","90.3219053","true"
"590","41","Gazipur","গাজীপুর","Pubail","পুবাইল","null","23.9172755","90.45967209999999","true"
"591","59","Rangpur","রংপুর","Kotwali","কোতোয়ালী","null","25.7474729","89.2503799","true"
"592","59","Rangpur","রংপুর","Parshuram","পরশুরাম","null","25.7840157","89.2335484","true"
"593","59","Rangpur","রংপুর","Tajhat","তাজহাট","null","25.7252732","89.2799033","true"
"594","59","Rangpur","রংপুর","Mahiganj","মহীগঞ্জ","null","25.7292047","89.29098189999999","true"
"595","59","Rangpur","রংপুর","Haragach","হারাগাছ","null","25.8151583","89.3321823","true"
"596","59","Rangpur","রংপুর","Hajiratat","হাজীরহাট","null","25.7493938","89.26108649999999","true"
