id,slug,name_en,name_bn,hydrological_class,water_body_type,water_body_subtype,district,upazila,latitude,longitude,transboundary_flag,transboundary_countries
BD-WB-0001,arial-beel,Arial Beel,আড়িয়াল বিল,LENTIC,Wetland,Beel,Munshiganj / Dhaka,Sreenagar / Nawabganj,23.6333,90.2500,,
BD-WB-0002,ashurar-beel,Ashurar Beel,আশুড়ার বিল,LENTIC,Wetland,Beel,Dinajpur,Nawabganj,25.4167,89.0167,,
BD-WB-0003,baikka-beel,Baikka Beel,বাইক্কা বিল,LENTIC,Wetland,Beel,Moulvibazar,Sreemangal,24.3583,91.6417,,
BD-WB-0004,beel-dakatia,Beel Dakatia,বিল ডাকাতিয়া,LENTIC,Wetland,Beel,Khulna / Satkhira,Dumuaria / Phultala,22.9000,89.4167,,
BD-WB-0005,chalan-beel,Chalan Beel,চলন বিল,LENTIC,Wetland,Beel,Natore / Sirajganj / Pabna,Singra / Gurudaspur / Chatmohar,24.4167,89.2500,,
BD-WB-0006,dekhar-haor,Dekhar Haor,ডেকহার হাওর,LENTIC,Wetland,Haor,Sunamganj,Sunamganj Sadar,25.0167,91.3667,,
BD-WB-0007,dingapota-haor,Dingapota Haor,ডিঙ্গাপোতা হাওর,LENTIC,Wetland,Haor,Netrokona,Mohanganj,24.8667,90.9667,,
BD-WB-0008,hail-haor,Hail Haor,হাইল হাওর,LENTIC,Wetland,Haor,Moulvibazar,Sreemangal,24.3833,91.6833,,
BD-WB-0009,hakaluki-haor,Hakaluki Haor,হাকালুকি হাওর,LENTIC,Wetland,Haor,Moulvibazar / Sylhet,Kulaura / Juri / Fenchuganj,24.5833,92.0333,,
BD-WB-0010,kawadighi-haor,Kawadighi Haor,কাউয়াদীঘি হাওর,LENTIC,Wetland,Haor,Moulvibazar,Rajnagar,24.5500,91.8333,,
BD-WB-0011,matian-haor,Matian Haor,মাটিয়ান হাওর,LENTIC,Wetland,Haor,Sunamganj,Tahirpur,25.1333,91.1333,,
BD-WB-0012,nikli-haor,Nikli Haor,নিকলী হাওর,LENTIC,Wetland,Haor,Kishoreganj,Nikli,24.3167,90.9333,,
BD-WB-0013,shanir-haor,Shanir Haor,শনির হাওর,LENTIC,Wetland,Haor,Sunamganj,Tahiyapur / Jamalganj,25.1167,91.2000,,
BD-WB-0014,tanguar-haor,Tanguar Haor,টাঙ্গুয়ার হাওর,LENTIC,Wetland,Haor,Sunamganj,Tahirpur / Dharmapasha,25.1500,91.0667,,
BD-WB-0015,baluhar-baor,Baluhar Baor,বালুহর বাঁওড়,LENTIC,Wetland,Baor / Oxbow Lake,Jhenaidah,Kotchandpur,23.4167,89.0167,,
BD-WB-0016,benipur-baor,Benipur Baor,বেনীপুর বাঁওড়,LENTIC,Wetland,Baor / Oxbow Lake,Chuadanga,Jibannagar,23.4500,88.8167,,
BD-WB-0017,bukbhara-baor,Bukbhara Baor,বুকভরা বাঁওড়,LENTIC,Wetland,Baor / Oxbow Lake,Jashore,Jashore Sadar,23.1833,89.1500,,
BD-WB-0018,jhampa-baor,Jhampa Baor,ঝাঁপা বাঁওড়,LENTIC,Wetland,Baor / Oxbow Lake,Jashore,Manirampur,23.0167,89.2333,,
BD-WB-0019,boga-lake,Boga Lake,বগা লেক,LENTIC,Lake,Natural Lake,Bandarban,Ruma,21.9806,92.5347,,
BD-WB-0020,madhobpur-lake,Madhobpur Lake,মাধবপুর লেক,LENTIC,Lake,Natural Lake,Moulvibazar,Kamalganj,24.2333,91.8000,,
BD-WB-0021,durgasagar,Durgasagar,দুর্গাসাগর,LENTIC,Lake,Reservoir,Barishal,Babu Ganj,22.7667,90.2833,,
BD-WB-0022,ramsagar,Ramsagar,রামসাগর,LENTIC,Lake,Reservoir,Dinajpur,Dinajpur Sadar,25.5539,88.6247,,
BD-WB-0023,kaptai-lake,Kaptai Lake,কাপ্তাই হ্রদ,LENTIC,Lake,Reservoir,Rangamati,Kaptai / Rangamati Sadar,22.5000,92.2167,,
BD-WB-0024,mahamaya-lake,Mahamaya Lake,মহামায়া লেক,LENTIC,Lake,Reservoir,Chattogram,Mirsharai,22.8167,91.5667,,
BD-WB-0025,hatirjheel,Hatirjheel,হাতিরঝিল,LENTIC,Lake,Urban Jheel / Lake,Dhaka,Tejgaon / Rampura,23.7583,90.4125,,
BD-WB-0026,kasalong,Kasalong,কাছালং,LOTIC,River,Hill River,,,23.684994,90.356331,false,
BD-WB-0027,bangshi,Bangshi,বংশী,LOTIC,River,Tributary,,,24.48845939593953,90.02805149450391,false,
BD-WB-0028,dharla,Dharla,ধরলা,LOTIC,River,Tributary,,,25.87514905436399,89.58960924617882,true,
BD-WB-0029,dudhkumar,Dudhkumar,দুধকুমার,LOTIC,River,Tributary,,,26.19175675152409,89.67690541695315,true,
BD-WB-0030,kangsha,Kangsha,কংস,LOTIC,River,Tributary,,,24.97417921307164,90.56506423922853,false,
BD-WB-0031,sutang,Sutang,সুতাং,LOTIC,River,Tributary,,,24.3062402,91.37839059999999,true,
BD-WB-0032,halda,Halda,হালদা,LOTIC,River,Tributary (Freshwater Breeding),,,22.52593392085843,91.84164021423024,false,
BD-WB-0033,titas,Titas,তিতাস,LOTIC,River,Tributary / Distributary,,,23.80129124979716,90.83895306446271,true,
BD-WB-0034,karatoa-north-south,Karatoa (North & South),করতোয়া,LOTIC,River,Tributary Network,,,23.684994,90.356331,true,
BD-WB-0035,atrai,Atrai,আত্রাই,LOTIC,River,Transboundary Tributary,,,25.06584030550964,89.01649379445296,true,
BD-WB-0036,jadukata,Jadukata,জাদুকাটা,LOTIC,River,Transboundary Tributary,,,25.12018382699828,91.67728875603717,true,
BD-WB-0037,khowai,Khowai,খোয়াই,LOTIC,River,Transboundary Tributary,,,24.10919282523134,91.48787511354486,true,
BD-WB-0038,mahananda,Mahananda,মহানন্দা,LOTIC,River,Transboundary Tributary,,,26.47742598506915,88.15737139870716,true,
BD-WB-0039,manu,Manu,মনু,LOTIC,River,Transboundary Tributary,,,24.45338475768452,91.85644952527058,true,
BD-WB-0040,piyain,Piyain,পিয়াইন,LOTIC,River,Transboundary Tributary,,,24.7683391,91.09554729999999,true,
BD-WB-0041,punarbhaba,Punarbhaba,পুনর্ভবা,LOTIC,River,Transboundary Tributary,,,25.61172107965042,88.60240532561627,true,
BD-WB-0042,sari-goyain,Sari-Goyain,সারী-গোয়াইন,LOTIC,River,Transboundary Tributary,,,23.684994,90.356331,true,
BD-WB-0043,someswari,Someswari,সোমেশ্বরী,LOTIC,River,Transboundary Tributary,,,25.11046911586802,90.64886056155642,true,
BD-WB-0044,arial-khan,Arial Khan,আড়িয়াল খাঁ,LOTIC,River,Distributary,,,23.13184157854557,90.25321491262896,false,
BD-WB-0045,bhairab,Bhairab,ভৈরব,LOTIC,River,Distributary,,,23.10063039966696,89.29328012974105,false,
BD-WB-0046,chitra,Chitra,চিত্রা,LOTIC,River,Distributary,,,23.15536547162542,89.52144038131443,false,
BD-WB-0047,dhaleshwari,Dhaleshwari,ধলেশ্বরী,LOTIC,River,Distributary,,,23.62629639145374,90.38935889756674,false,
BD-WB-0048,gorai,Gorai,গড়াই,LOTIC,River,Distributary,,,23.45216245500611,89.43493576077148,false,
BD-WB-0049,kopotakho-kabadak,Kopotakho (Kabadak),কপোতাক্ষ,LOTIC,River,Distributary,,,22.871482,89.1283158,false,
BD-WB-0050,mathabhanga,Mathabhanga,মাথাভাঙ্গা,LOTIC,River,Distributary,,,22.7816528,89.5627331,true,
BD-WB-0051,nabaganga,Nabaganga,নবগঙ্গা,LOTIC,River,Distributary,,,23.3277415026448,89.43563191241512,false,
BD-WB-0052,old-brahmaputra,Old Brahmaputra,পুরাতন ব্রহ্মপুত্র,LOTIC,River,Distributary,,,24.0369155,90.9800813,false,
BD-WB-0053,bangali,Bangali,বাঙালী,LOTIC,River,Distributary / Tributary,,,24.68009569735841,89.45965234888291,false,
BD-WB-0054,buriganga,Buriganga,বুড়িগঙ্গা,LOTIC,River,Distributary / Urban River,,,23.70325755377805,90.39846432602914,false,
BD-WB-0055,shitalakshya,Shitalakshya,শীতলক্ষ্যা,LOTIC,River,Distributary / Urban River,,,23.92286230370932,90.58264810231825,false,
BD-WB-0056,turag,Turag,তুরাগ,LOTIC,River,Distributary / Urban River,,,23.89231669009527,90.34189978608009,false,
BD-WB-0057,kushiyara,Kushiyara,কুশিয়ারা,LOTIC,River,Major Branch / Network,,,24.76056895921016,92.10747489518872,true,
BD-WB-0058,surma,Surma,সুরমা,LOTIC,River,Major Branch / Network,,,24.9886970798154,91.8176469249846,true,
BD-WB-0059,begabati,Begabati,বেগবতী,LOTIC,River,River (Seasonal),Magura,Magura Sadar,23.4857953,89.41900849999999,false,
BD-WB-0060,bhadra,Bhadra,ভদ্রা,LOTIC,River,River (Seasonal),Jessore; Khulna,Keshabpur; Dacope; Dumuria,22.88467384021408,89.23482640480334,false,
BD-WB-0061,dhala,Dhala,ধলা,LOTIC,River,River (Seasonal),Sylhet,Companiganj,24.4047773868517,91.83671674962861,true,Tripura Hills; India
BD-WB-0062,dhepa,Dhepa,ধেপা,LOTIC,River,River (Seasonal),Dinajpur,Kaharole,25.76622585516166,88.67231821757346,false,
BD-WB-0063,ghoramara,Ghoramara,ঘোড়ামারা,LOTIC,River,River (Seasonal),Panchagarh,Panchagarh Sadar,26.3339777,88.5548408,true,India
BD-WB-0064,hawrah,Hawrah,হাওড়া,LOTIC,River,River (Seasonal),Brahmanbaria,Akhaura,23.8673991,91.2081173,true,Tripura Hills; India
BD-WB-0065,jhenai,Jhenai,ঝিনাই,LOTIC,River,River (Seasonal),Jamalpur; Tangail,Melandaha; Sarishabari; Kalihati,24.9817005,89.8291768,false,
BD-WB-0066,kakri,Kakri,কাকড়ী,LOTIC,River,River (Seasonal),Cumilla,Chauddagram,23.33551760129697,91.25333155662278,true,Tripura; India
BD-WB-0067,nitai,Nitai,নিতাই,LOTIC,River,River (Seasonal),Mymensingh,Dhobaura,25.09594593740226,90.55418941405124,true,Meghalaya; India
BD-WB-0068,pagla,Pagla,পাগলা,LOTIC,River,River (Seasonal),Nawabganj,Shibganj,24.6837815,88.15721370000001,true,West Bengal; India
BD-WB-0069,sonai-bardal,Sonai-Bardal,সোনাই-বরদল,LOTIC,River,River (Seasonal),Sylhet,Fenchuganj,24.69583,91.944132,true,Tripura Hills; India
BD-WB-0070,tangon,Tangon,টাংগন,LOTIC,River,River (Seasonal),Dinajpur; Thakurgaon,Bochaganj; Thakurgaon,25.7997217,88.46218909999999,true,West Bengal; India
BD-WB-0071,tongi-khal,Tongi Khal,টংগী খাল,LOTIC,River,River (Seasonal),Dhaka,Uttara,23.8758547,90.3795438,false,
BD-WB-0072,brahmaputra-jamuna,Brahmaputra-Jamuna,ব্রহ্মপুত্র-যমুনা,LOTIC,River,River (Perennial),Bogura; Gaibandha; Jamalpur; Kurigram; Manikganj; Pabna; Sirajganj; Tangail,Shariakandi; Fulchhari; Saghatta; Islampur; Sarishabari; Chilmari; Kurigram Sadar; Ulipur; Shivalaya; Bera; Kazipur; Sirajganj Sadar; Tangail Sadar,24.2510087,89.9169233,true,Tibet / India
BD-WB-0073,dakatia,Dakatia,ডাকাতিয়া,LOTIC,River,River (Perennial),Chandpur,Hajiganj,23.2508859,90.8498709,false,
BD-WB-0074,dhanagoda,Dhanagoda,ধনাগোদা,LOTIC,River,River (Perennial),Chandpur,Matlab Uttar,23.4762156,90.6930898,false,
BD-WB-0075,ganges-padma,Ganges (Padma),গঙ্গা (পদ্মা),LOTIC,River,River (Perennial),Kushtia; Manikganj; Munshiganj; Nawabganj; Pabna; Rajbari; Rajshahi; Shariatpur,Mirpur; Harirampur; Lohajang; Sreenagar; Shibganj; Ishwardi; Goalandaghat; Pangsha; Rajbari Sadar; Boalia; Charghat; Naria,23.4743053,90.32072989999999,true,Himalayas / India
BD-WB-0076,ichamati-rangamati,Ichamati (Rangamati),ইছামতী (রাঙ্গামাটি),LOTIC,River,River (Perennial),Chattogram,Rangunia,22.4562012,92.06774530000001,false,
BD-WB-0077,juri,Juri,জুড়ী,LOTIC,River,River (Perennial),Moulvibazar,Juri; Moulvibazar Sadar,24.52430232763391,92.11805851126867,true,Tripura; India
BD-WB-0078,karnafuli,Karnafuli,কর্ণফুলী,LOTIC,River,River (Perennial),Chattogram; Rangamati,Chittagong Sadar; Barkal,22.3752075,91.8348606,false,
BD-WB-0079,katakhali,Katakhali,কাটাখালি,LOTIC,River,River (Perennial),Gaibandha,Gobindaganj,25.1320842,89.3885318,false,
BD-WB-0080,kobadak,Kobadak,কপোতাক্ষ,LOTIC,River,River (Perennial),Chuadanga; Jessore; Khulna; Satkhira,Jjbannagar; Chaugachha; Jhikargachha; Koyra; Paikgachha; Tala,22.96442606357401,89.10387381058271,false,
BD-WB-0081,korangi,Korangi,কোরাঙ্গী,LOTIC,River,River (Perennial),Habiganj,Bahubal,24.3504446,91.53712980000002,false,
BD-WB-0082,lohalia,Lohalia,লোহালিয়া,LOTIC,River,River (Perennial),Barisal,Bakerganj,22.3988562,90.3983829,false,
BD-WB-0083,pathraj,Pathraj,পাথরাজ,LOTIC,River,River (Perennial),Panchagarh,Boda,26.17902862652909,88.56135655136417,false,
BD-WB-0084,salda,Salda,সালদা,LOTIC,River,River (Perennial),Cumilla,Brahmanpara,23.6877892469967,91.13186491951822,false,Tripura Hills; India
BD-WB-0085,sari-gowain,Sari Gowain,,LOTIC,River,River (Perennial),Sylhet,Gowainghat; Jaintiapur; Sylhet Sadar,25.1349003,92.1223018,true,
BD-WB-0086,selonia,Selonia,,LOTIC,River,River (Perennial),Feni,Chhagalnaiya; Parshuram,23.00655963632969,91.4434865702616,true,
BD-WB-0087,sonai,Sonai,,LOTIC,River,River (Perennial),Habiganj,Madhabpur,24.0998223,91.2963269,true,
BD-WB-0088,talma,Talma,,LOTIC,River,River (Perennial),Panchagarh,Panchagarh Sadar,26.3379192,88.5667458,true,
BD-WB-0089,bakkhali,Bakkhali,বাঁকখালী,LOTIC,River,Coastal River,,,21.50286117974938,92.17949108408844,false,
BD-WB-0090,feni,Feni,ফেনী,LOTIC,River,Coastal River,,,22.91565053814577,91.60849138085604,true,
BD-WB-0091,karnaphuli,Karnaphuli,কর্ণফুলী,LOTIC,River,Coastal River,,,22.58188252047576,92.1068557263428,true,
BD-WB-0092,matamuhuri,Matamuhuri,মাতামুহুরী,LOTIC,River,Coastal River,,,21.6031593666061,92.20251546878258,false,
BD-WB-0093,muhuri,Muhuri,মুহুরী,LOTIC,River,Coastal River,,,23.08956283119754,91.55016705744943,true,
BD-WB-0094,sangu,Sangu,সাঙ্গু,LOTIC,River,Coastal River,,,21.75577457278723,92.24523675851756,true,
BD-WB-0095,baleshwar,Baleshwar,বলেশ্বর,LOTIC,River,Estuarine River,,,22.4884777,89.976072,false,
BD-WB-0096,bishkhali,Bishkhali,বিষখালী,LOTIC,River,Estuarine River,,,22.16088351197326,90.03737472631653,false,
BD-WB-0097,kirtankhola,Kirtankhola,কীর্তনখোলা,LOTIC,River,Estuarine River,,,22.69688232810897,90.37489071534773,false,
BD-WB-0098,payra-burishwar,Payra (Burishwar),পায়রা,LOTIC,River,Estuarine River,,,24.2207917,91.22294780000001,false,
BD-WB-0099,rupsa-pasur,Rupsa-Pasur,রূপসা-পশুর,LOTIC,River,Estuarine River,,,21.7502997,89.50146579999999,false,
BD-WB-0100,naf,Naf,নাফ,LOTIC,River,Estuarine / Boundary River,,,21.0056928,92.26673219999999,true,
BD-WB-0101,balu,Balu,বালু,LOTIC,River,Urban River,,,23.77737989374433,90.48563427424182,false,
BD-WB-0102,teesta,Teesta,তিস্তা,LOTIC,River,Major Tributary,,,26.57695556933984,89.0127980340611,true,
BD-WB-0103,jamuna,Jamuna,যমুনা,LOTIC,River,Major River,,,25.42119045665531,88.91239572365043,true,
BD-WB-0104,meghna-upper-lower,Meghna (Upper & Lower),মেঘনা,LOTIC,River,Major River,,,23.25946634887056,90.76400456898428,true,
BD-WB-0105,padma,Padma,পদ্মা,LOTIC,River,Major River,,,23.92325433428013,89.34457595499026,true,
BD-WB-0106,madhumati,Madhumati,মধুমতী,LOTIC,River,Major Distributary,,,23.45216245500611,89.43493576077148,false,
BD-WB-0107,baral,Baral,বড়াল,LOTIC,River,Distributary,,,24.33130159962144,89.03289559783643,false,
BD-WB-0108,gumti,Gumti,গোমতী,LOTIC,River,Transboundary River,Cumilla,,23.5368015989702,91.25456901605803,true,India
BD-WB-0109,dhanu,Dhanu,ধনু,LOTIC,River,Major Haor River,,,24.61527278411843,91.08744479370975,false,
BD-WB-0110,kalni,Kalni,কালনী,LOTIC,River,Haor / Meghna Network River,,,24.42449712662809,91.358241145361,false,
BD-WB-0111,tentulia,Tentulia,তেঁতুলিয়া,LOTIC,River,Lower Meghna Distributary / Estuarine River,,,22.5174148,90.606207,false,
BD-WB-0112,kumar,Kumar,কুমার,LOTIC,River,Distributary,,,23.64245543860489,89.2078021022346,false,
BD-WB-0113,ichamati-kalindi,Ichamati-Kalindi,ইছামতী-কালিন্দী,LOTIC,River,Transboundary / Boundary River,,,22.6178904,88.9425836,true,India
BD-WB-0114,raimangal,Raimangal,রায়মঙ্গল,LOTIC,River,Estuarine / Boundary River,,,21.79491458963236,89.12289811411134,true,India
BD-WB-0115,pashur,Pashur,পশুর,LOTIC,River,Estuarine River,,,22.21393976916782,89.58740977901867,false,
BD-WB-0116,andhar-manik,Andhar Manik,আন্ধারমানিক,LOTIC,River,Coastal River,Patuakhali,,21.9851561,90.23105559999999,false,
BD-WB-0117,betna,Betna,বেতনা,LOTIC,River,Tidal / Transboundary River,,,22.90274918874813,89.02469050823333,true,India
BD-WB-0118,ghaghat,Ghaghat,ঘাঘট,LOTIC,River,Distributary,,,25.64327196727139,89.35975113801771,false,
BD-WB-0119,chandana-barasia,Chandana-Barasia,চন্দনা-বারাসিয়া,LOTIC,River,Distributary,,,23.26818520369524,89.7191950784388,false,
BD-WB-0120,little-feni,Little Feni,ছোট ফেনী,LOTIC,River,Transboundary River,,,22.7796301,91.37856769999999,true,India
BD-WB-0121,kacha,Kacha,কচা,LOTIC,River,Coastal / Tidal River,,,23.684994,90.356331,false,
BD-WB-0122,sandhya,Sandhya,সন্ধ্যা,LOTIC,River,Southern Delta River,,,22.65560649944598,90.0583447145824,false,
BD-WB-0123,panguchi,Panguchi,পানগুছি,LOTIC,River,Tidal River,,,23.684994,90.356331,false,
BD-WB-0124,rabnabad,Rabnabad,রাবনাবাদ,LOTIC,River,Estuarine River,,,22.4957226,90.3547269,false,
BD-WB-0125,bhogai-kangsha,Bhogai-Kangsha,ভোগাই-কংস,LOTIC,River,Transboundary River System,,,23.0848425,91.1351443,true,India
BD-WB-0126,hurasagar,Hurasagar,হুরাসাগর,LOTIC,River,Confluence / Drainage River,,,23.9999515,89.6340867,false,
BD-WB-0127,kaliganga-manikganj,Kaliganga (Manikganj),কালীগঙ্গা (মানিকগঞ্জ),LOTIC,River,Distributary / Regional River,,,23.85828249836724,90.01876902090483,false,
BD-WB-0128,shibsa,Shibsa,শিবসা,LOTIC,River,Tidal / Estuarine River,,,22.26727579805228,89.4741457568276,false,
BD-WB-0129,kholpetua,Kholpetua,খোলপেটুয়া,LOTIC,River,Tidal / Estuarine River,,,22.39149325904194,89.24190295658153,false,
BD-WB-0130,sugandha,Sugandha,সুগন্ধা,LOTIC,River,Southern Delta River,,,23.684994,90.356331,false,
BD-WB-0131,narasunda,Narasunda,নরসুন্দা,LOTIC,River,Old Brahmaputra Network River,,,24.43612026470998,90.78954290295479,false,
BD-WB-0132,jingiram,Jingiram,জিঞ্জিরাম,LOTIC,River,Regional River,,,23.684994,90.356331,false,
BD-WB-0133,chengi,Chengi,চেঙ্গী,LOTIC,River,Hill River,,,23.19116621648088,91.96869051468124,false,
BD-WB-0134,maini,Maini,মাইনী,LOTIC,River,Hill River,,,23.684994,90.356331,false,
BD-WB-0135,atharabanki,Atharabanki,আঠারবাঁকী,LOTIC,River,Southwestern River,,,25.5123652,89.7409297,false,
BD-WB-0136,arial-khan-narsingdi,Arial Khan (Narsingdi),আড়িয়াল খাঁ (নরসিংদী),LOTIC,River,Regional River,,,24.07987508553222,90.8532170851439,false,
BD-WB-0137,ghaghar,Ghaghar,ঘাঘর,LOTIC,River,Regional River,,,23.03991787209658,90.00000000000001,false,
BD-WB-0138,banar,Banar,বানার,LOTIC,River,Old Brahmaputra / Shitalakshya Network River,,,24.0728887,90.63386840000001,false,
BD-WB-0139,mongla,Mongla,মোংলা,LOTIC,River,Tidal River,,,22.51816407837504,89.68150786376819,false,
BD-WB-0140,agunmukha,Agunmukha,আগুনমুখা,LOTIC,River,Estuarine / Coastal River,,,21.95094726537947,90.49625522577217,false,
BD-WB-0141,shahbazpur-channel,Shahbazpur Channel,শাহবাজপুর চ্যানেল,LOTIC,River,Lower Meghna Estuarine Channel,,,22.23619063388623,90.88669476163244,false,
